/Users/hamzaplojovic/projects/startups/chronotail/bench/competitive/build/competitive append chronotail /Users/hamzaplojovic/projects/startups/chronotail/bench/competitive/work/append-A-none-chronotail.db 10000000 1 0 raw smooth 1 1 append-A-none
/Users/hamzaplojovic/projects/startups/chronotail/bench/competitive/build/competitive append nanots /Users/hamzaplojovic/projects/startups/chronotail/bench/competitive/work/append-A-none-nanots.db 10000000 1 0 raw smooth 1 1 append-A-none
/Users/hamzaplojovic/projects/startups/chronotail/bench/competitive/build/competitive append sqlite /Users/hamzaplojovic/projects/startups/chronotail/bench/competitive/work/append-A-none-sqlite.db 10000000 1 0 raw smooth 1 1 append-A-none
/Users/hamzaplojovic/projects/startups/chronotail/bench/competitive/build/competitive append chronotail /Users/hamzaplojovic/projects/startups/chronotail/bench/competitive/work/append-B-10MiB-chronotail.db 10000000 1 655360 raw smooth 1 1 append-B-10MiB
/Users/hamzaplojovic/projects/startups/chronotail/bench/competitive/build/competitive append nanots /Users/hamzaplojovic/projects/startups/chronotail/bench/competitive/work/append-B-10MiB-nanots.db 10000000 1 655360 raw smooth 1 1 append-B-10MiB
/Users/hamzaplojovic/projects/startups/chronotail/bench/competitive/build/competitive append sqlite /Users/hamzaplojovic/projects/startups/chronotail/bench/competitive/work/append-B-10MiB-sqlite.db 10000000 1 655360 raw smooth 1 1 append-B-10MiB
/Users/hamzaplojovic/projects/startups/chronotail/bench/competitive/build/competitive append chronotail /Users/hamzaplojovic/projects/startups/chronotail/bench/competitive/work/append-C-1MiB-chronotail.db 10000000 1 65536 raw smooth 1 1 append-C-1MiB
/Users/hamzaplojovic/projects/startups/chronotail/bench/competitive/build/competitive append nanots /Users/hamzaplojovic/projects/startups/chronotail/bench/competitive/work/append-C-1MiB-nanots.db 10000000 1 65536 raw smooth 1 1 append-C-1MiB
/Users/hamzaplojovic/projects/startups/chronotail/bench/competitive/build/competitive append sqlite /Users/hamzaplojovic/projects/startups/chronotail/bench/competitive/work/append-C-1MiB-sqlite.db 10000000 1 65536 raw smooth 1 1 append-C-1MiB
/Users/hamzaplojovic/projects/startups/chronotail/bench/competitive/build/competitive append chronotail /Users/hamzaplojovic/projects/startups/chronotail/bench/competitive/work/append-8-series-chronotail.db 1000000 8 655360 raw smooth 1 1 append-8-series
/Users/hamzaplojovic/projects/startups/chronotail/bench/competitive/build/competitive append nanots /Users/hamzaplojovic/projects/startups/chronotail/bench/competitive/work/append-8-series-nanots.db 1000000 8 655360 raw smooth 1 1 append-8-series
/Users/hamzaplojovic/projects/startups/chronotail/bench/competitive/build/competitive append sqlite /Users/hamzaplojovic/projects/startups/chronotail/bench/competitive/work/append-8-series-sqlite.db 1000000 8 655360 raw smooth 1 1 append-8-series
/Users/hamzaplojovic/projects/startups/chronotail/bench/competitive/build/competitive query chronotail /Users/hamzaplojovic/projects/startups/chronotail/bench/competitive/work/point-lookup-warm-chronotail.db 1000000 100000 1 raw 1 point-lookup-warm 4243
/Users/hamzaplojovic/projects/startups/chronotail/bench/competitive/build/competitive query nanots /Users/hamzaplojovic/projects/startups/chronotail/bench/competitive/work/point-lookup-warm-nanots.db 1000000 100000 1 raw 1 point-lookup-warm 4243
/Users/hamzaplojovic/projects/startups/chronotail/bench/competitive/build/competitive query sqlite /Users/hamzaplojovic/projects/startups/chronotail/bench/competitive/work/point-lookup-warm-sqlite.db 1000000 100000 1 raw 1 point-lookup-warm 4243
/Users/hamzaplojovic/projects/startups/chronotail/bench/competitive/build/competitive query chronotail /Users/hamzaplojovic/projects/startups/chronotail/bench/competitive/work/range-100-raw-warm-chronotail.db 1000000 100000 100 raw 1 range-100-raw-warm 5253
/Users/hamzaplojovic/projects/startups/chronotail/bench/competitive/build/competitive query nanots /Users/hamzaplojovic/projects/startups/chronotail/bench/competitive/work/range-100-raw-warm-nanots.db 1000000 100000 100 raw 1 range-100-raw-warm 5253
/Users/hamzaplojovic/projects/startups/chronotail/bench/competitive/build/competitive query sqlite /Users/hamzaplojovic/projects/startups/chronotail/bench/competitive/work/range-100-raw-warm-sqlite.db 1000000 100000 100 raw 1 range-100-raw-warm 5253
/Users/hamzaplojovic/projects/startups/chronotail/bench/competitive/build/competitive query chronotail /Users/hamzaplojovic/projects/startups/chronotail/bench/competitive/work/range-100-compressed-warm-chronotail.db 1000000 100000 100 compressed 1 range-100-compressed-warm 5253
/Users/hamzaplojovic/projects/startups/chronotail/bench/competitive/build/competitive concurrent chronotail /Users/hamzaplojovic/projects/startups/chronotail/bench/competitive/work/concurrent-1-chronotail.db 1 10 1 concurrent-1
/Users/hamzaplojovic/projects/startups/chronotail/bench/competitive/build/competitive concurrent nanots /Users/hamzaplojovic/projects/startups/chronotail/bench/competitive/work/concurrent-1-nanots.db 1 10 1 concurrent-1
/Users/hamzaplojovic/projects/startups/chronotail/bench/competitive/build/competitive concurrent sqlite /Users/hamzaplojovic/projects/startups/chronotail/bench/competitive/work/concurrent-1-sqlite.db 1 10 1 concurrent-1
/Users/hamzaplojovic/projects/startups/chronotail/bench/competitive/build/competitive concurrent chronotail /Users/hamzaplojovic/projects/startups/chronotail/bench/competitive/work/concurrent-8-chronotail.db 8 10 1 concurrent-8
/Users/hamzaplojovic/projects/startups/chronotail/bench/competitive/build/competitive concurrent nanots /Users/hamzaplojovic/projects/startups/chronotail/bench/competitive/work/concurrent-8-nanots.db 8 10 1 concurrent-8
/Users/hamzaplojovic/projects/startups/chronotail/bench/competitive/build/competitive concurrent sqlite /Users/hamzaplojovic/projects/startups/chronotail/bench/competitive/work/concurrent-8-sqlite.db 8 10 1 concurrent-8
/Users/hamzaplojovic/projects/startups/chronotail/bench/competitive/build/competitive concurrent chronotail /Users/hamzaplojovic/projects/startups/chronotail/bench/competitive/work/concurrent-32-chronotail.db 32 10 1 concurrent-32
/Users/hamzaplojovic/projects/startups/chronotail/bench/competitive/build/competitive concurrent nanots /Users/hamzaplojovic/projects/startups/chronotail/bench/competitive/work/concurrent-32-nanots.db 32 10 1 concurrent-32
/Users/hamzaplojovic/projects/startups/chronotail/bench/competitive/build/competitive concurrent sqlite /Users/hamzaplojovic/projects/startups/chronotail/bench/competitive/work/concurrent-32-sqlite.db 32 10 1 concurrent-32
/Users/hamzaplojovic/projects/startups/chronotail/bench/competitive/build/competitive append chronotail /Users/hamzaplojovic/projects/startups/chronotail/bench/competitive/work/storage-smooth-raw-chronotail.db 10000000 1 0 raw smooth 1 1 storage-smooth-raw
/Users/hamzaplojovic/projects/startups/chronotail/bench/competitive/build/competitive append chronotail /Users/hamzaplojovic/projects/startups/chronotail/bench/competitive/work/storage-smooth-compressed-chronotail.db 10000000 1 0 compressed smooth 1 1 storage-smooth-compressed
/Users/hamzaplojovic/projects/startups/chronotail/bench/competitive/build/competitive append nanots /Users/hamzaplojovic/projects/startups/chronotail/bench/competitive/work/storage-smooth-nanots.db 10000000 1 0 raw smooth 1 1 storage-smooth
/Users/hamzaplojovic/projects/startups/chronotail/bench/competitive/build/competitive append sqlite /Users/hamzaplojovic/projects/startups/chronotail/bench/competitive/work/storage-smooth-sqlite.db 10000000 1 0 raw smooth 1 1 storage-smooth
/Users/hamzaplojovic/projects/startups/chronotail/bench/competitive/build/competitive append chronotail /Users/hamzaplojovic/projects/startups/chronotail/bench/competitive/work/storage-random-raw-chronotail.db 10000000 1 0 raw random 1 1 storage-random-raw
/Users/hamzaplojovic/projects/startups/chronotail/bench/competitive/build/competitive append chronotail /Users/hamzaplojovic/projects/startups/chronotail/bench/competitive/work/storage-random-compressed-chronotail.db 10000000 1 0 compressed random 1 1 storage-random-compressed
/Users/hamzaplojovic/projects/startups/chronotail/bench/competitive/build/competitive append nanots /Users/hamzaplojovic/projects/startups/chronotail/bench/competitive/work/storage-random-nanots.db 10000000 1 0 raw random 1 1 storage-random
/Users/hamzaplojovic/projects/startups/chronotail/bench/competitive/build/competitive append sqlite /Users/hamzaplojovic/projects/startups/chronotail/bench/competitive/work/storage-random-sqlite.db 10000000 1 0 raw random 1 1 storage-random
/Users/hamzaplojovic/projects/startups/chronotail/bench/competitive/build/competitive append chronotail /Users/hamzaplojovic/projects/startups/chronotail/bench/competitive/work/append-batch-4096-chronotail.db 10000000 1 0 raw smooth 4096 1 append-batch-4096
/Users/hamzaplojovic/projects/startups/chronotail/bench/competitive/build/competitive append nanots /Users/hamzaplojovic/projects/startups/chronotail/bench/competitive/work/append-batch-4096-nanots.db 10000000 1 0 raw smooth 4096 1 append-batch-4096
/Users/hamzaplojovic/projects/startups/chronotail/bench/competitive/build/competitive append sqlite /Users/hamzaplojovic/projects/startups/chronotail/bench/competitive/work/append-batch-4096-sqlite.db 10000000 1 0 raw smooth 4096 1 append-batch-4096
/Users/hamzaplojovic/projects/startups/chronotail/bench/competitive/build/competitive query chronotail /Users/hamzaplojovic/projects/startups/chronotail/bench/competitive/work/point-lookup-compressed-warm-chronotail.db 1000000 100000 1 compressed 1 point-lookup-compressed-warm 4243
/Users/hamzaplojovic/projects/startups/chronotail/bench/competitive/build/competitive query chronotail /Users/hamzaplojovic/projects/startups/chronotail/bench/competitive/work/range-10-raw-warm-chronotail.db 1000000 100000 10 raw 1 range-10-raw-warm 6263
/Users/hamzaplojovic/projects/startups/chronotail/bench/competitive/build/competitive query nanots /Users/hamzaplojovic/projects/startups/chronotail/bench/competitive/work/range-10-raw-warm-nanots.db 1000000 100000 10 raw 1 range-10-raw-warm 6263
/Users/hamzaplojovic/projects/startups/chronotail/bench/competitive/build/competitive query sqlite /Users/hamzaplojovic/projects/startups/chronotail/bench/competitive/work/range-10-raw-warm-sqlite.db 1000000 100000 10 raw 1 range-10-raw-warm 6263
/Users/hamzaplojovic/projects/startups/chronotail/bench/competitive/build/competitive query chronotail /Users/hamzaplojovic/projects/startups/chronotail/bench/competitive/work/range-10-compressed-warm-chronotail.db 1000000 100000 10 compressed 1 range-10-compressed-warm 6263
/Users/hamzaplojovic/projects/startups/chronotail/bench/competitive/build/competitive query chronotail /Users/hamzaplojovic/projects/startups/chronotail/bench/competitive/work/range-1000-raw-warm-chronotail.db 1000000 100000 1000 raw 1 range-1000-raw-warm 7253
/Users/hamzaplojovic/projects/startups/chronotail/bench/competitive/build/competitive query nanots /Users/hamzaplojovic/projects/startups/chronotail/bench/competitive/work/range-1000-raw-warm-nanots.db 1000000 100000 1000 raw 1 range-1000-raw-warm 7253
/Users/hamzaplojovic/projects/startups/chronotail/bench/competitive/build/competitive query sqlite /Users/hamzaplojovic/projects/startups/chronotail/bench/competitive/work/range-1000-raw-warm-sqlite.db 1000000 100000 1000 raw 1 range-1000-raw-warm 7253
/Users/hamzaplojovic/projects/startups/chronotail/bench/competitive/build/competitive query chronotail /Users/hamzaplojovic/projects/startups/chronotail/bench/competitive/work/range-1000-compressed-warm-chronotail.db 1000000 100000 1000 compressed 1 range-1000-compressed-warm 7253
/Users/hamzaplojovic/projects/startups/chronotail/bench/competitive/build/competitive query chronotail /Users/hamzaplojovic/projects/startups/chronotail/bench/competitive/work/range-10000-raw-warm-chronotail.db 1000000 10000 10000 raw 1 range-10000-raw-warm 16253
/Users/hamzaplojovic/projects/startups/chronotail/bench/competitive/build/competitive query nanots /Users/hamzaplojovic/projects/startups/chronotail/bench/competitive/work/range-10000-raw-warm-nanots.db 1000000 10000 10000 raw 1 range-10000-raw-warm 16253
/Users/hamzaplojovic/projects/startups/chronotail/bench/competitive/build/competitive query sqlite /Users/hamzaplojovic/projects/startups/chronotail/bench/competitive/work/range-10000-raw-warm-sqlite.db 1000000 10000 10000 raw 1 range-10000-raw-warm 16253
/Users/hamzaplojovic/projects/startups/chronotail/bench/competitive/build/competitive query chronotail /Users/hamzaplojovic/projects/startups/chronotail/bench/competitive/work/range-10000-compressed-warm-chronotail.db 1000000 10000 10000 compressed 1 range-10000-compressed-warm 16253
/Users/hamzaplojovic/projects/startups/chronotail/bench/competitive/build/competitive aggregate chronotail /Users/hamzaplojovic/projects/startups/chronotail/bench/competitive/work/aggregate-100-raw-warm-chronotail.db 1000000 100000 100 raw 1 aggregate-100-raw-warm 7353
/Users/hamzaplojovic/projects/startups/chronotail/bench/competitive/build/competitive aggregate nanots /Users/hamzaplojovic/projects/startups/chronotail/bench/competitive/work/aggregate-100-raw-warm-nanots.db 1000000 100000 100 raw 1 aggregate-100-raw-warm 7353
/Users/hamzaplojovic/projects/startups/chronotail/bench/competitive/build/competitive aggregate sqlite /Users/hamzaplojovic/projects/startups/chronotail/bench/competitive/work/aggregate-100-raw-warm-sqlite.db 1000000 100000 100 raw 1 aggregate-100-raw-warm 7353
/Users/hamzaplojovic/projects/startups/chronotail/bench/competitive/build/competitive aggregate chronotail /Users/hamzaplojovic/projects/startups/chronotail/bench/competitive/work/aggregate-100-compressed-warm-chronotail.db 1000000 100000 100 compressed 1 aggregate-100-compressed-warm 7353
/Users/hamzaplojovic/projects/startups/chronotail/bench/competitive/build/competitive aggregate chronotail /Users/hamzaplojovic/projects/startups/chronotail/bench/competitive/work/aggregate-10000-raw-warm-chronotail.db 1000000 10000 10000 raw 1 aggregate-10000-raw-warm 17253
/Users/hamzaplojovic/projects/startups/chronotail/bench/competitive/build/competitive aggregate nanots /Users/hamzaplojovic/projects/startups/chronotail/bench/competitive/work/aggregate-10000-raw-warm-nanots.db 1000000 10000 10000 raw 1 aggregate-10000-raw-warm 17253
/Users/hamzaplojovic/projects/startups/chronotail/bench/competitive/build/competitive aggregate sqlite /Users/hamzaplojovic/projects/startups/chronotail/bench/competitive/work/aggregate-10000-raw-warm-sqlite.db 1000000 10000 10000 raw 1 aggregate-10000-raw-warm 17253
/Users/hamzaplojovic/projects/startups/chronotail/bench/competitive/build/competitive aggregate chronotail /Users/hamzaplojovic/projects/startups/chronotail/bench/competitive/work/aggregate-10000-compressed-warm-chronotail.db 1000000 10000 10000 compressed 1 aggregate-10000-compressed-warm 17253
/Users/hamzaplojovic/projects/startups/chronotail/bench/competitive/build/competitive aggregate chronotail /Users/hamzaplojovic/projects/startups/chronotail/bench/competitive/work/aggregate-full-raw-warm-chronotail.db 1000000 100 1000000 raw 1 aggregate-full-raw-warm 1007253
/Users/hamzaplojovic/projects/startups/chronotail/bench/competitive/build/competitive aggregate nanots /Users/hamzaplojovic/projects/startups/chronotail/bench/competitive/work/aggregate-full-raw-warm-nanots.db 1000000 100 1000000 raw 1 aggregate-full-raw-warm 1007253
/Users/hamzaplojovic/projects/startups/chronotail/bench/competitive/build/competitive aggregate sqlite /Users/hamzaplojovic/projects/startups/chronotail/bench/competitive/work/aggregate-full-raw-warm-sqlite.db 1000000 100 1000000 raw 1 aggregate-full-raw-warm 1007253
/Users/hamzaplojovic/projects/startups/chronotail/bench/competitive/build/competitive aggregate chronotail /Users/hamzaplojovic/projects/startups/chronotail/bench/competitive/work/aggregate-full-compressed-warm-chronotail.db 1000000 100 1000000 compressed 1 aggregate-full-compressed-warm 1007253
/Users/hamzaplojovic/projects/startups/chronotail/bench/competitive/build/competitive concurrent chronotail /Users/hamzaplojovic/projects/startups/chronotail/bench/competitive/work/concurrent-2-chronotail.db 2 10 1 concurrent-2
/Users/hamzaplojovic/projects/startups/chronotail/bench/competitive/build/competitive concurrent nanots /Users/hamzaplojovic/projects/startups/chronotail/bench/competitive/work/concurrent-2-nanots.db 2 10 1 concurrent-2
/Users/hamzaplojovic/projects/startups/chronotail/bench/competitive/build/competitive concurrent sqlite /Users/hamzaplojovic/projects/startups/chronotail/bench/competitive/work/concurrent-2-sqlite.db 2 10 1 concurrent-2
/Users/hamzaplojovic/projects/startups/chronotail/bench/competitive/build/competitive concurrent chronotail /Users/hamzaplojovic/projects/startups/chronotail/bench/competitive/work/concurrent-4-chronotail.db 4 10 1 concurrent-4
/Users/hamzaplojovic/projects/startups/chronotail/bench/competitive/build/competitive concurrent nanots /Users/hamzaplojovic/projects/startups/chronotail/bench/competitive/work/concurrent-4-nanots.db 4 10 1 concurrent-4
/Users/hamzaplojovic/projects/startups/chronotail/bench/competitive/build/competitive concurrent sqlite /Users/hamzaplojovic/projects/startups/chronotail/bench/competitive/work/concurrent-4-sqlite.db 4 10 1 concurrent-4
/Users/hamzaplojovic/projects/startups/chronotail/bench/competitive/build/competitive concurrent chronotail /Users/hamzaplojovic/projects/startups/chronotail/bench/competitive/work/concurrent-16-chronotail.db 16 10 1 concurrent-16
/Users/hamzaplojovic/projects/startups/chronotail/bench/competitive/build/competitive concurrent nanots /Users/hamzaplojovic/projects/startups/chronotail/bench/competitive/work/concurrent-16-nanots.db 16 10 1 concurrent-16
/Users/hamzaplojovic/projects/startups/chronotail/bench/competitive/build/competitive concurrent sqlite /Users/hamzaplojovic/projects/startups/chronotail/bench/competitive/work/concurrent-16-sqlite.db 16 10 1 concurrent-16
/Users/hamzaplojovic/projects/startups/chronotail/bench/competitive/build/competitive append chronotail /Users/hamzaplojovic/projects/startups/chronotail/bench/competitive/work/storage-constant-raw-chronotail.db 10000000 1 0 raw constant 1 1 storage-constant-raw
/Users/hamzaplojovic/projects/startups/chronotail/bench/competitive/build/competitive append chronotail /Users/hamzaplojovic/projects/startups/chronotail/bench/competitive/work/storage-constant-compressed-chronotail.db 10000000 1 0 compressed constant 1 1 storage-constant-compressed
/Users/hamzaplojovic/projects/startups/chronotail/bench/competitive/build/competitive append nanots /Users/hamzaplojovic/projects/startups/chronotail/bench/competitive/work/storage-constant-nanots.db 10000000 1 0 raw constant 1 1 storage-constant
/Users/hamzaplojovic/projects/startups/chronotail/bench/competitive/build/competitive append sqlite /Users/hamzaplojovic/projects/startups/chronotail/bench/competitive/work/storage-constant-sqlite.db 10000000 1 0 raw constant 1 1 storage-constant
/Users/hamzaplojovic/projects/startups/chronotail/bench/competitive/build/competitive append chronotail /Users/hamzaplojovic/projects/startups/chronotail/bench/competitive/work/storage-spiky-raw-chronotail.db 10000000 1 0 raw spiky 1 1 storage-spiky-raw
/Users/hamzaplojovic/projects/startups/chronotail/bench/competitive/build/competitive append chronotail /Users/hamzaplojovic/projects/startups/chronotail/bench/competitive/work/storage-spiky-compressed-chronotail.db 10000000 1 0 compressed spiky 1 1 storage-spiky-compressed
/Users/hamzaplojovic/projects/startups/chronotail/bench/competitive/build/competitive append nanots /Users/hamzaplojovic/projects/startups/chronotail/bench/competitive/work/storage-spiky-nanots.db 10000000 1 0 raw spiky 1 1 storage-spiky
/Users/hamzaplojovic/projects/startups/chronotail/bench/competitive/build/competitive append sqlite /Users/hamzaplojovic/projects/startups/chronotail/bench/competitive/work/storage-spiky-sqlite.db 10000000 1 0 raw spiky 1 1 storage-spiky
/Users/hamzaplojovic/projects/startups/chronotail/bench/competitive/build/competitive append nanots /Users/hamzaplojovic/projects/startups/chronotail/bench/competitive/work/append-A-none-nanots.db 10000000 1 0 raw smooth 1 2 append-A-none
/Users/hamzaplojovic/projects/startups/chronotail/bench/competitive/build/competitive append sqlite /Users/hamzaplojovic/projects/startups/chronotail/bench/competitive/work/append-A-none-sqlite.db 10000000 1 0 raw smooth 1 2 append-A-none
/Users/hamzaplojovic/projects/startups/chronotail/bench/competitive/build/competitive append chronotail /Users/hamzaplojovic/projects/startups/chronotail/bench/competitive/work/append-A-none-chronotail.db 10000000 1 0 raw smooth 1 2 append-A-none
/Users/hamzaplojovic/projects/startups/chronotail/bench/competitive/build/competitive append nanots /Users/hamzaplojovic/projects/startups/chronotail/bench/competitive/work/append-B-10MiB-nanots.db 10000000 1 655360 raw smooth 1 2 append-B-10MiB
/Users/hamzaplojovic/projects/startups/chronotail/bench/competitive/build/competitive append sqlite /Users/hamzaplojovic/projects/startups/chronotail/bench/competitive/work/append-B-10MiB-sqlite.db 10000000 1 655360 raw smooth 1 2 append-B-10MiB
/Users/hamzaplojovic/projects/startups/chronotail/bench/competitive/build/competitive append chronotail /Users/hamzaplojovic/projects/startups/chronotail/bench/competitive/work/append-B-10MiB-chronotail.db 10000000 1 655360 raw smooth 1 2 append-B-10MiB
/Users/hamzaplojovic/projects/startups/chronotail/bench/competitive/build/competitive append nanots /Users/hamzaplojovic/projects/startups/chronotail/bench/competitive/work/append-C-1MiB-nanots.db 10000000 1 65536 raw smooth 1 2 append-C-1MiB
/Users/hamzaplojovic/projects/startups/chronotail/bench/competitive/build/competitive append sqlite /Users/hamzaplojovic/projects/startups/chronotail/bench/competitive/work/append-C-1MiB-sqlite.db 10000000 1 65536 raw smooth 1 2 append-C-1MiB
/Users/hamzaplojovic/projects/startups/chronotail/bench/competitive/build/competitive append chronotail /Users/hamzaplojovic/projects/startups/chronotail/bench/competitive/work/append-C-1MiB-chronotail.db 10000000 1 65536 raw smooth 1 2 append-C-1MiB
/Users/hamzaplojovic/projects/startups/chronotail/bench/competitive/build/competitive append nanots /Users/hamzaplojovic/projects/startups/chronotail/bench/competitive/work/append-8-series-nanots.db 1000000 8 655360 raw smooth 1 2 append-8-series
/Users/hamzaplojovic/projects/startups/chronotail/bench/competitive/build/competitive append sqlite /Users/hamzaplojovic/projects/startups/chronotail/bench/competitive/work/append-8-series-sqlite.db 1000000 8 655360 raw smooth 1 2 append-8-series
/Users/hamzaplojovic/projects/startups/chronotail/bench/competitive/build/competitive append chronotail /Users/hamzaplojovic/projects/startups/chronotail/bench/competitive/work/append-8-series-chronotail.db 1000000 8 655360 raw smooth 1 2 append-8-series
/Users/hamzaplojovic/projects/startups/chronotail/bench/competitive/build/competitive query nanots /Users/hamzaplojovic/projects/startups/chronotail/bench/competitive/work/point-lookup-warm-nanots.db 1000000 100000 1 raw 2 point-lookup-warm 4244
/Users/hamzaplojovic/projects/startups/chronotail/bench/competitive/build/competitive query sqlite /Users/hamzaplojovic/projects/startups/chronotail/bench/competitive/work/point-lookup-warm-sqlite.db 1000000 100000 1 raw 2 point-lookup-warm 4244
/Users/hamzaplojovic/projects/startups/chronotail/bench/competitive/build/competitive query chronotail /Users/hamzaplojovic/projects/startups/chronotail/bench/competitive/work/point-lookup-warm-chronotail.db 1000000 100000 1 raw 2 point-lookup-warm 4244
/Users/hamzaplojovic/projects/startups/chronotail/bench/competitive/build/competitive query nanots /Users/hamzaplojovic/projects/startups/chronotail/bench/competitive/work/range-100-raw-warm-nanots.db 1000000 100000 100 raw 2 range-100-raw-warm 5254
/Users/hamzaplojovic/projects/startups/chronotail/bench/competitive/build/competitive query sqlite /Users/hamzaplojovic/projects/startups/chronotail/bench/competitive/work/range-100-raw-warm-sqlite.db 1000000 100000 100 raw 2 range-100-raw-warm 5254
/Users/hamzaplojovic/projects/startups/chronotail/bench/competitive/build/competitive query chronotail /Users/hamzaplojovic/projects/startups/chronotail/bench/competitive/work/range-100-raw-warm-chronotail.db 1000000 100000 100 raw 2 range-100-raw-warm 5254
/Users/hamzaplojovic/projects/startups/chronotail/bench/competitive/build/competitive query chronotail /Users/hamzaplojovic/projects/startups/chronotail/bench/competitive/work/range-100-compressed-warm-chronotail.db 1000000 100000 100 compressed 2 range-100-compressed-warm 5254
/Users/hamzaplojovic/projects/startups/chronotail/bench/competitive/build/competitive concurrent nanots /Users/hamzaplojovic/projects/startups/chronotail/bench/competitive/work/concurrent-1-nanots.db 1 10 2 concurrent-1
/Users/hamzaplojovic/projects/startups/chronotail/bench/competitive/build/competitive concurrent sqlite /Users/hamzaplojovic/projects/startups/chronotail/bench/competitive/work/concurrent-1-sqlite.db 1 10 2 concurrent-1
/Users/hamzaplojovic/projects/startups/chronotail/bench/competitive/build/competitive concurrent chronotail /Users/hamzaplojovic/projects/startups/chronotail/bench/competitive/work/concurrent-1-chronotail.db 1 10 2 concurrent-1
/Users/hamzaplojovic/projects/startups/chronotail/bench/competitive/build/competitive concurrent nanots /Users/hamzaplojovic/projects/startups/chronotail/bench/competitive/work/concurrent-8-nanots.db 8 10 2 concurrent-8
/Users/hamzaplojovic/projects/startups/chronotail/bench/competitive/build/competitive concurrent sqlite /Users/hamzaplojovic/projects/startups/chronotail/bench/competitive/work/concurrent-8-sqlite.db 8 10 2 concurrent-8
/Users/hamzaplojovic/projects/startups/chronotail/bench/competitive/build/competitive concurrent chronotail /Users/hamzaplojovic/projects/startups/chronotail/bench/competitive/work/concurrent-8-chronotail.db 8 10 2 concurrent-8
/Users/hamzaplojovic/projects/startups/chronotail/bench/competitive/build/competitive concurrent nanots /Users/hamzaplojovic/projects/startups/chronotail/bench/competitive/work/concurrent-32-nanots.db 32 10 2 concurrent-32
/Users/hamzaplojovic/projects/startups/chronotail/bench/competitive/build/competitive concurrent sqlite /Users/hamzaplojovic/projects/startups/chronotail/bench/competitive/work/concurrent-32-sqlite.db 32 10 2 concurrent-32
/Users/hamzaplojovic/projects/startups/chronotail/bench/competitive/build/competitive concurrent chronotail /Users/hamzaplojovic/projects/startups/chronotail/bench/competitive/work/concurrent-32-chronotail.db 32 10 2 concurrent-32
/Users/hamzaplojovic/projects/startups/chronotail/bench/competitive/build/competitive append chronotail /Users/hamzaplojovic/projects/startups/chronotail/bench/competitive/work/storage-smooth-raw-chronotail.db 10000000 1 0 raw smooth 1 2 storage-smooth-raw
/Users/hamzaplojovic/projects/startups/chronotail/bench/competitive/build/competitive append chronotail /Users/hamzaplojovic/projects/startups/chronotail/bench/competitive/work/storage-smooth-compressed-chronotail.db 10000000 1 0 compressed smooth 1 2 storage-smooth-compressed
/Users/hamzaplojovic/projects/startups/chronotail/bench/competitive/build/competitive append nanots /Users/hamzaplojovic/projects/startups/chronotail/bench/competitive/work/storage-smooth-nanots.db 10000000 1 0 raw smooth 1 2 storage-smooth
/Users/hamzaplojovic/projects/startups/chronotail/bench/competitive/build/competitive append sqlite /Users/hamzaplojovic/projects/startups/chronotail/bench/competitive/work/storage-smooth-sqlite.db 10000000 1 0 raw smooth 1 2 storage-smooth
/Users/hamzaplojovic/projects/startups/chronotail/bench/competitive/build/competitive append chronotail /Users/hamzaplojovic/projects/startups/chronotail/bench/competitive/work/storage-random-raw-chronotail.db 10000000 1 0 raw random 1 2 storage-random-raw
/Users/hamzaplojovic/projects/startups/chronotail/bench/competitive/build/competitive append chronotail /Users/hamzaplojovic/projects/startups/chronotail/bench/competitive/work/storage-random-compressed-chronotail.db 10000000 1 0 compressed random 1 2 storage-random-compressed
/Users/hamzaplojovic/projects/startups/chronotail/bench/competitive/build/competitive append nanots /Users/hamzaplojovic/projects/startups/chronotail/bench/competitive/work/storage-random-nanots.db 10000000 1 0 raw random 1 2 storage-random
/Users/hamzaplojovic/projects/startups/chronotail/bench/competitive/build/competitive append sqlite /Users/hamzaplojovic/projects/startups/chronotail/bench/competitive/work/storage-random-sqlite.db 10000000 1 0 raw random 1 2 storage-random
/Users/hamzaplojovic/projects/startups/chronotail/bench/competitive/build/competitive append nanots /Users/hamzaplojovic/projects/startups/chronotail/bench/competitive/work/append-batch-4096-nanots.db 10000000 1 0 raw smooth 4096 2 append-batch-4096
/Users/hamzaplojovic/projects/startups/chronotail/bench/competitive/build/competitive append sqlite /Users/hamzaplojovic/projects/startups/chronotail/bench/competitive/work/append-batch-4096-sqlite.db 10000000 1 0 raw smooth 4096 2 append-batch-4096
/Users/hamzaplojovic/projects/startups/chronotail/bench/competitive/build/competitive append chronotail /Users/hamzaplojovic/projects/startups/chronotail/bench/competitive/work/append-batch-4096-chronotail.db 10000000 1 0 raw smooth 4096 2 append-batch-4096
/Users/hamzaplojovic/projects/startups/chronotail/bench/competitive/build/competitive query chronotail /Users/hamzaplojovic/projects/startups/chronotail/bench/competitive/work/point-lookup-compressed-warm-chronotail.db 1000000 100000 1 compressed 2 point-lookup-compressed-warm 4244
/Users/hamzaplojovic/projects/startups/chronotail/bench/competitive/build/competitive query nanots /Users/hamzaplojovic/projects/startups/chronotail/bench/competitive/work/range-10-raw-warm-nanots.db 1000000 100000 10 raw 2 range-10-raw-warm 6264
/Users/hamzaplojovic/projects/startups/chronotail/bench/competitive/build/competitive query sqlite /Users/hamzaplojovic/projects/startups/chronotail/bench/competitive/work/range-10-raw-warm-sqlite.db 1000000 100000 10 raw 2 range-10-raw-warm 6264
/Users/hamzaplojovic/projects/startups/chronotail/bench/competitive/build/competitive query chronotail /Users/hamzaplojovic/projects/startups/chronotail/bench/competitive/work/range-10-raw-warm-chronotail.db 1000000 100000 10 raw 2 range-10-raw-warm 6264
/Users/hamzaplojovic/projects/startups/chronotail/bench/competitive/build/competitive query chronotail /Users/hamzaplojovic/projects/startups/chronotail/bench/competitive/work/range-10-compressed-warm-chronotail.db 1000000 100000 10 compressed 2 range-10-compressed-warm 6264
/Users/hamzaplojovic/projects/startups/chronotail/bench/competitive/build/competitive query nanots /Users/hamzaplojovic/projects/startups/chronotail/bench/competitive/work/range-1000-raw-warm-nanots.db 1000000 100000 1000 raw 2 range-1000-raw-warm 7254
/Users/hamzaplojovic/projects/startups/chronotail/bench/competitive/build/competitive query sqlite /Users/hamzaplojovic/projects/startups/chronotail/bench/competitive/work/range-1000-raw-warm-sqlite.db 1000000 100000 1000 raw 2 range-1000-raw-warm 7254
/Users/hamzaplojovic/projects/startups/chronotail/bench/competitive/build/competitive query chronotail /Users/hamzaplojovic/projects/startups/chronotail/bench/competitive/work/range-1000-raw-warm-chronotail.db 1000000 100000 1000 raw 2 range-1000-raw-warm 7254
/Users/hamzaplojovic/projects/startups/chronotail/bench/competitive/build/competitive query chronotail /Users/hamzaplojovic/projects/startups/chronotail/bench/competitive/work/range-1000-compressed-warm-chronotail.db 1000000 100000 1000 compressed 2 range-1000-compressed-warm 7254
/Users/hamzaplojovic/projects/startups/chronotail/bench/competitive/build/competitive query nanots /Users/hamzaplojovic/projects/startups/chronotail/bench/competitive/work/range-10000-raw-warm-nanots.db 1000000 10000 10000 raw 2 range-10000-raw-warm 16254
/Users/hamzaplojovic/projects/startups/chronotail/bench/competitive/build/competitive query sqlite /Users/hamzaplojovic/projects/startups/chronotail/bench/competitive/work/range-10000-raw-warm-sqlite.db 1000000 10000 10000 raw 2 range-10000-raw-warm 16254
/Users/hamzaplojovic/projects/startups/chronotail/bench/competitive/build/competitive query chronotail /Users/hamzaplojovic/projects/startups/chronotail/bench/competitive/work/range-10000-raw-warm-chronotail.db 1000000 10000 10000 raw 2 range-10000-raw-warm 16254
/Users/hamzaplojovic/projects/startups/chronotail/bench/competitive/build/competitive query chronotail /Users/hamzaplojovic/projects/startups/chronotail/bench/competitive/work/range-10000-compressed-warm-chronotail.db 1000000 10000 10000 compressed 2 range-10000-compressed-warm 16254
/Users/hamzaplojovic/projects/startups/chronotail/bench/competitive/build/competitive aggregate nanots /Users/hamzaplojovic/projects/startups/chronotail/bench/competitive/work/aggregate-100-raw-warm-nanots.db 1000000 100000 100 raw 2 aggregate-100-raw-warm 7354
/Users/hamzaplojovic/projects/startups/chronotail/bench/competitive/build/competitive aggregate sqlite /Users/hamzaplojovic/projects/startups/chronotail/bench/competitive/work/aggregate-100-raw-warm-sqlite.db 1000000 100000 100 raw 2 aggregate-100-raw-warm 7354
/Users/hamzaplojovic/projects/startups/chronotail/bench/competitive/build/competitive aggregate chronotail /Users/hamzaplojovic/projects/startups/chronotail/bench/competitive/work/aggregate-100-raw-warm-chronotail.db 1000000 100000 100 raw 2 aggregate-100-raw-warm 7354
/Users/hamzaplojovic/projects/startups/chronotail/bench/competitive/build/competitive aggregate chronotail /Users/hamzaplojovic/projects/startups/chronotail/bench/competitive/work/aggregate-100-compressed-warm-chronotail.db 1000000 100000 100 compressed 2 aggregate-100-compressed-warm 7354
/Users/hamzaplojovic/projects/startups/chronotail/bench/competitive/build/competitive aggregate nanots /Users/hamzaplojovic/projects/startups/chronotail/bench/competitive/work/aggregate-10000-raw-warm-nanots.db 1000000 10000 10000 raw 2 aggregate-10000-raw-warm 17254
/Users/hamzaplojovic/projects/startups/chronotail/bench/competitive/build/competitive aggregate sqlite /Users/hamzaplojovic/projects/startups/chronotail/bench/competitive/work/aggregate-10000-raw-warm-sqlite.db 1000000 10000 10000 raw 2 aggregate-10000-raw-warm 17254
/Users/hamzaplojovic/projects/startups/chronotail/bench/competitive/build/competitive aggregate chronotail /Users/hamzaplojovic/projects/startups/chronotail/bench/competitive/work/aggregate-10000-raw-warm-chronotail.db 1000000 10000 10000 raw 2 aggregate-10000-raw-warm 17254
/Users/hamzaplojovic/projects/startups/chronotail/bench/competitive/build/competitive aggregate chronotail /Users/hamzaplojovic/projects/startups/chronotail/bench/competitive/work/aggregate-10000-compressed-warm-chronotail.db 1000000 10000 10000 compressed 2 aggregate-10000-compressed-warm 17254
/Users/hamzaplojovic/projects/startups/chronotail/bench/competitive/build/competitive aggregate nanots /Users/hamzaplojovic/projects/startups/chronotail/bench/competitive/work/aggregate-full-raw-warm-nanots.db 1000000 100 1000000 raw 2 aggregate-full-raw-warm 1007254
/Users/hamzaplojovic/projects/startups/chronotail/bench/competitive/build/competitive aggregate sqlite /Users/hamzaplojovic/projects/startups/chronotail/bench/competitive/work/aggregate-full-raw-warm-sqlite.db 1000000 100 1000000 raw 2 aggregate-full-raw-warm 1007254
/Users/hamzaplojovic/projects/startups/chronotail/bench/competitive/build/competitive aggregate chronotail /Users/hamzaplojovic/projects/startups/chronotail/bench/competitive/work/aggregate-full-raw-warm-chronotail.db 1000000 100 1000000 raw 2 aggregate-full-raw-warm 1007254
/Users/hamzaplojovic/projects/startups/chronotail/bench/competitive/build/competitive aggregate chronotail /Users/hamzaplojovic/projects/startups/chronotail/bench/competitive/work/aggregate-full-compressed-warm-chronotail.db 1000000 100 1000000 compressed 2 aggregate-full-compressed-warm 1007254
/Users/hamzaplojovic/projects/startups/chronotail/bench/competitive/build/competitive concurrent nanots /Users/hamzaplojovic/projects/startups/chronotail/bench/competitive/work/concurrent-2-nanots.db 2 10 2 concurrent-2
/Users/hamzaplojovic/projects/startups/chronotail/bench/competitive/build/competitive concurrent sqlite /Users/hamzaplojovic/projects/startups/chronotail/bench/competitive/work/concurrent-2-sqlite.db 2 10 2 concurrent-2
/Users/hamzaplojovic/projects/startups/chronotail/bench/competitive/build/competitive concurrent chronotail /Users/hamzaplojovic/projects/startups/chronotail/bench/competitive/work/concurrent-2-chronotail.db 2 10 2 concurrent-2
/Users/hamzaplojovic/projects/startups/chronotail/bench/competitive/build/competitive concurrent nanots /Users/hamzaplojovic/projects/startups/chronotail/bench/competitive/work/concurrent-4-nanots.db 4 10 2 concurrent-4
/Users/hamzaplojovic/projects/startups/chronotail/bench/competitive/build/competitive concurrent sqlite /Users/hamzaplojovic/projects/startups/chronotail/bench/competitive/work/concurrent-4-sqlite.db 4 10 2 concurrent-4
/Users/hamzaplojovic/projects/startups/chronotail/bench/competitive/build/competitive concurrent chronotail /Users/hamzaplojovic/projects/startups/chronotail/bench/competitive/work/concurrent-4-chronotail.db 4 10 2 concurrent-4
/Users/hamzaplojovic/projects/startups/chronotail/bench/competitive/build/competitive concurrent nanots /Users/hamzaplojovic/projects/startups/chronotail/bench/competitive/work/concurrent-16-nanots.db 16 10 2 concurrent-16
/Users/hamzaplojovic/projects/startups/chronotail/bench/competitive/build/competitive concurrent sqlite /Users/hamzaplojovic/projects/startups/chronotail/bench/competitive/work/concurrent-16-sqlite.db 16 10 2 concurrent-16
/Users/hamzaplojovic/projects/startups/chronotail/bench/competitive/build/competitive concurrent chronotail /Users/hamzaplojovic/projects/startups/chronotail/bench/competitive/work/concurrent-16-chronotail.db 16 10 2 concurrent-16
/Users/hamzaplojovic/projects/startups/chronotail/bench/competitive/build/competitive append chronotail /Users/hamzaplojovic/projects/startups/chronotail/bench/competitive/work/storage-constant-raw-chronotail.db 10000000 1 0 raw constant 1 2 storage-constant-raw
/Users/hamzaplojovic/projects/startups/chronotail/bench/competitive/build/competitive append chronotail /Users/hamzaplojovic/projects/startups/chronotail/bench/competitive/work/storage-constant-compressed-chronotail.db 10000000 1 0 compressed constant 1 2 storage-constant-compressed
/Users/hamzaplojovic/projects/startups/chronotail/bench/competitive/build/competitive append nanots /Users/hamzaplojovic/projects/startups/chronotail/bench/competitive/work/storage-constant-nanots.db 10000000 1 0 raw constant 1 2 storage-constant
/Users/hamzaplojovic/projects/startups/chronotail/bench/competitive/build/competitive append sqlite /Users/hamzaplojovic/projects/startups/chronotail/bench/competitive/work/storage-constant-sqlite.db 10000000 1 0 raw constant 1 2 storage-constant
/Users/hamzaplojovic/projects/startups/chronotail/bench/competitive/build/competitive append chronotail /Users/hamzaplojovic/projects/startups/chronotail/bench/competitive/work/storage-spiky-raw-chronotail.db 10000000 1 0 raw spiky 1 2 storage-spiky-raw
/Users/hamzaplojovic/projects/startups/chronotail/bench/competitive/build/competitive append chronotail /Users/hamzaplojovic/projects/startups/chronotail/bench/competitive/work/storage-spiky-compressed-chronotail.db 10000000 1 0 compressed spiky 1 2 storage-spiky-compressed
/Users/hamzaplojovic/projects/startups/chronotail/bench/competitive/build/competitive append nanots /Users/hamzaplojovic/projects/startups/chronotail/bench/competitive/work/storage-spiky-nanots.db 10000000 1 0 raw spiky 1 2 storage-spiky
/Users/hamzaplojovic/projects/startups/chronotail/bench/competitive/build/competitive append sqlite /Users/hamzaplojovic/projects/startups/chronotail/bench/competitive/work/storage-spiky-sqlite.db 10000000 1 0 raw spiky 1 2 storage-spiky
/Users/hamzaplojovic/projects/startups/chronotail/bench/competitive/build/competitive append sqlite /Users/hamzaplojovic/projects/startups/chronotail/bench/competitive/work/append-A-none-sqlite.db 10000000 1 0 raw smooth 1 3 append-A-none
/Users/hamzaplojovic/projects/startups/chronotail/bench/competitive/build/competitive append chronotail /Users/hamzaplojovic/projects/startups/chronotail/bench/competitive/work/append-A-none-chronotail.db 10000000 1 0 raw smooth 1 3 append-A-none
/Users/hamzaplojovic/projects/startups/chronotail/bench/competitive/build/competitive append nanots /Users/hamzaplojovic/projects/startups/chronotail/bench/competitive/work/append-A-none-nanots.db 10000000 1 0 raw smooth 1 3 append-A-none
/Users/hamzaplojovic/projects/startups/chronotail/bench/competitive/build/competitive append sqlite /Users/hamzaplojovic/projects/startups/chronotail/bench/competitive/work/append-B-10MiB-sqlite.db 10000000 1 655360 raw smooth 1 3 append-B-10MiB
/Users/hamzaplojovic/projects/startups/chronotail/bench/competitive/build/competitive append chronotail /Users/hamzaplojovic/projects/startups/chronotail/bench/competitive/work/append-B-10MiB-chronotail.db 10000000 1 655360 raw smooth 1 3 append-B-10MiB
/Users/hamzaplojovic/projects/startups/chronotail/bench/competitive/build/competitive append nanots /Users/hamzaplojovic/projects/startups/chronotail/bench/competitive/work/append-B-10MiB-nanots.db 10000000 1 655360 raw smooth 1 3 append-B-10MiB
/Users/hamzaplojovic/projects/startups/chronotail/bench/competitive/build/competitive append sqlite /Users/hamzaplojovic/projects/startups/chronotail/bench/competitive/work/append-C-1MiB-sqlite.db 10000000 1 65536 raw smooth 1 3 append-C-1MiB
/Users/hamzaplojovic/projects/startups/chronotail/bench/competitive/build/competitive append chronotail /Users/hamzaplojovic/projects/startups/chronotail/bench/competitive/work/append-C-1MiB-chronotail.db 10000000 1 65536 raw smooth 1 3 append-C-1MiB
/Users/hamzaplojovic/projects/startups/chronotail/bench/competitive/build/competitive append nanots /Users/hamzaplojovic/projects/startups/chronotail/bench/competitive/work/append-C-1MiB-nanots.db 10000000 1 65536 raw smooth 1 3 append-C-1MiB
/Users/hamzaplojovic/projects/startups/chronotail/bench/competitive/build/competitive append sqlite /Users/hamzaplojovic/projects/startups/chronotail/bench/competitive/work/append-8-series-sqlite.db 1000000 8 655360 raw smooth 1 3 append-8-series
/Users/hamzaplojovic/projects/startups/chronotail/bench/competitive/build/competitive append chronotail /Users/hamzaplojovic/projects/startups/chronotail/bench/competitive/work/append-8-series-chronotail.db 1000000 8 655360 raw smooth 1 3 append-8-series
/Users/hamzaplojovic/projects/startups/chronotail/bench/competitive/build/competitive append nanots /Users/hamzaplojovic/projects/startups/chronotail/bench/competitive/work/append-8-series-nanots.db 1000000 8 655360 raw smooth 1 3 append-8-series
/Users/hamzaplojovic/projects/startups/chronotail/bench/competitive/build/competitive query sqlite /Users/hamzaplojovic/projects/startups/chronotail/bench/competitive/work/point-lookup-warm-sqlite.db 1000000 100000 1 raw 3 point-lookup-warm 4245
/Users/hamzaplojovic/projects/startups/chronotail/bench/competitive/build/competitive query chronotail /Users/hamzaplojovic/projects/startups/chronotail/bench/competitive/work/point-lookup-warm-chronotail.db 1000000 100000 1 raw 3 point-lookup-warm 4245
/Users/hamzaplojovic/projects/startups/chronotail/bench/competitive/build/competitive query nanots /Users/hamzaplojovic/projects/startups/chronotail/bench/competitive/work/point-lookup-warm-nanots.db 1000000 100000 1 raw 3 point-lookup-warm 4245
/Users/hamzaplojovic/projects/startups/chronotail/bench/competitive/build/competitive query sqlite /Users/hamzaplojovic/projects/startups/chronotail/bench/competitive/work/range-100-raw-warm-sqlite.db 1000000 100000 100 raw 3 range-100-raw-warm 5255
/Users/hamzaplojovic/projects/startups/chronotail/bench/competitive/build/competitive query chronotail /Users/hamzaplojovic/projects/startups/chronotail/bench/competitive/work/range-100-raw-warm-chronotail.db 1000000 100000 100 raw 3 range-100-raw-warm 5255
/Users/hamzaplojovic/projects/startups/chronotail/bench/competitive/build/competitive query nanots /Users/hamzaplojovic/projects/startups/chronotail/bench/competitive/work/range-100-raw-warm-nanots.db 1000000 100000 100 raw 3 range-100-raw-warm 5255
/Users/hamzaplojovic/projects/startups/chronotail/bench/competitive/build/competitive query chronotail /Users/hamzaplojovic/projects/startups/chronotail/bench/competitive/work/range-100-compressed-warm-chronotail.db 1000000 100000 100 compressed 3 range-100-compressed-warm 5255
/Users/hamzaplojovic/projects/startups/chronotail/bench/competitive/build/competitive concurrent sqlite /Users/hamzaplojovic/projects/startups/chronotail/bench/competitive/work/concurrent-1-sqlite.db 1 10 3 concurrent-1
/Users/hamzaplojovic/projects/startups/chronotail/bench/competitive/build/competitive concurrent chronotail /Users/hamzaplojovic/projects/startups/chronotail/bench/competitive/work/concurrent-1-chronotail.db 1 10 3 concurrent-1
/Users/hamzaplojovic/projects/startups/chronotail/bench/competitive/build/competitive concurrent nanots /Users/hamzaplojovic/projects/startups/chronotail/bench/competitive/work/concurrent-1-nanots.db 1 10 3 concurrent-1
/Users/hamzaplojovic/projects/startups/chronotail/bench/competitive/build/competitive concurrent sqlite /Users/hamzaplojovic/projects/startups/chronotail/bench/competitive/work/concurrent-8-sqlite.db 8 10 3 concurrent-8
/Users/hamzaplojovic/projects/startups/chronotail/bench/competitive/build/competitive concurrent chronotail /Users/hamzaplojovic/projects/startups/chronotail/bench/competitive/work/concurrent-8-chronotail.db 8 10 3 concurrent-8
/Users/hamzaplojovic/projects/startups/chronotail/bench/competitive/build/competitive concurrent nanots /Users/hamzaplojovic/projects/startups/chronotail/bench/competitive/work/concurrent-8-nanots.db 8 10 3 concurrent-8
/Users/hamzaplojovic/projects/startups/chronotail/bench/competitive/build/competitive concurrent sqlite /Users/hamzaplojovic/projects/startups/chronotail/bench/competitive/work/concurrent-32-sqlite.db 32 10 3 concurrent-32
/Users/hamzaplojovic/projects/startups/chronotail/bench/competitive/build/competitive concurrent chronotail /Users/hamzaplojovic/projects/startups/chronotail/bench/competitive/work/concurrent-32-chronotail.db 32 10 3 concurrent-32
/Users/hamzaplojovic/projects/startups/chronotail/bench/competitive/build/competitive concurrent nanots /Users/hamzaplojovic/projects/startups/chronotail/bench/competitive/work/concurrent-32-nanots.db 32 10 3 concurrent-32
/Users/hamzaplojovic/projects/startups/chronotail/bench/competitive/build/competitive append chronotail /Users/hamzaplojovic/projects/startups/chronotail/bench/competitive/work/storage-smooth-raw-chronotail.db 10000000 1 0 raw smooth 1 3 storage-smooth-raw
/Users/hamzaplojovic/projects/startups/chronotail/bench/competitive/build/competitive append chronotail /Users/hamzaplojovic/projects/startups/chronotail/bench/competitive/work/storage-smooth-compressed-chronotail.db 10000000 1 0 compressed smooth 1 3 storage-smooth-compressed
/Users/hamzaplojovic/projects/startups/chronotail/bench/competitive/build/competitive append nanots /Users/hamzaplojovic/projects/startups/chronotail/bench/competitive/work/storage-smooth-nanots.db 10000000 1 0 raw smooth 1 3 storage-smooth
/Users/hamzaplojovic/projects/startups/chronotail/bench/competitive/build/competitive append sqlite /Users/hamzaplojovic/projects/startups/chronotail/bench/competitive/work/storage-smooth-sqlite.db 10000000 1 0 raw smooth 1 3 storage-smooth
/Users/hamzaplojovic/projects/startups/chronotail/bench/competitive/build/competitive append chronotail /Users/hamzaplojovic/projects/startups/chronotail/bench/competitive/work/storage-random-raw-chronotail.db 10000000 1 0 raw random 1 3 storage-random-raw
/Users/hamzaplojovic/projects/startups/chronotail/bench/competitive/build/competitive append chronotail /Users/hamzaplojovic/projects/startups/chronotail/bench/competitive/work/storage-random-compressed-chronotail.db 10000000 1 0 compressed random 1 3 storage-random-compressed
/Users/hamzaplojovic/projects/startups/chronotail/bench/competitive/build/competitive append nanots /Users/hamzaplojovic/projects/startups/chronotail/bench/competitive/work/storage-random-nanots.db 10000000 1 0 raw random 1 3 storage-random
/Users/hamzaplojovic/projects/startups/chronotail/bench/competitive/build/competitive append sqlite /Users/hamzaplojovic/projects/startups/chronotail/bench/competitive/work/storage-random-sqlite.db 10000000 1 0 raw random 1 3 storage-random
/Users/hamzaplojovic/projects/startups/chronotail/bench/competitive/build/competitive append sqlite /Users/hamzaplojovic/projects/startups/chronotail/bench/competitive/work/append-batch-4096-sqlite.db 10000000 1 0 raw smooth 4096 3 append-batch-4096
/Users/hamzaplojovic/projects/startups/chronotail/bench/competitive/build/competitive append chronotail /Users/hamzaplojovic/projects/startups/chronotail/bench/competitive/work/append-batch-4096-chronotail.db 10000000 1 0 raw smooth 4096 3 append-batch-4096
/Users/hamzaplojovic/projects/startups/chronotail/bench/competitive/build/competitive append nanots /Users/hamzaplojovic/projects/startups/chronotail/bench/competitive/work/append-batch-4096-nanots.db 10000000 1 0 raw smooth 4096 3 append-batch-4096
/Users/hamzaplojovic/projects/startups/chronotail/bench/competitive/build/competitive query chronotail /Users/hamzaplojovic/projects/startups/chronotail/bench/competitive/work/point-lookup-compressed-warm-chronotail.db 1000000 100000 1 compressed 3 point-lookup-compressed-warm 4245
/Users/hamzaplojovic/projects/startups/chronotail/bench/competitive/build/competitive query sqlite /Users/hamzaplojovic/projects/startups/chronotail/bench/competitive/work/range-10-raw-warm-sqlite.db 1000000 100000 10 raw 3 range-10-raw-warm 6265
/Users/hamzaplojovic/projects/startups/chronotail/bench/competitive/build/competitive query chronotail /Users/hamzaplojovic/projects/startups/chronotail/bench/competitive/work/range-10-raw-warm-chronotail.db 1000000 100000 10 raw 3 range-10-raw-warm 6265
/Users/hamzaplojovic/projects/startups/chronotail/bench/competitive/build/competitive query nanots /Users/hamzaplojovic/projects/startups/chronotail/bench/competitive/work/range-10-raw-warm-nanots.db 1000000 100000 10 raw 3 range-10-raw-warm 6265
/Users/hamzaplojovic/projects/startups/chronotail/bench/competitive/build/competitive query chronotail /Users/hamzaplojovic/projects/startups/chronotail/bench/competitive/work/range-10-compressed-warm-chronotail.db 1000000 100000 10 compressed 3 range-10-compressed-warm 6265
/Users/hamzaplojovic/projects/startups/chronotail/bench/competitive/build/competitive query sqlite /Users/hamzaplojovic/projects/startups/chronotail/bench/competitive/work/range-1000-raw-warm-sqlite.db 1000000 100000 1000 raw 3 range-1000-raw-warm 7255
/Users/hamzaplojovic/projects/startups/chronotail/bench/competitive/build/competitive query chronotail /Users/hamzaplojovic/projects/startups/chronotail/bench/competitive/work/range-1000-raw-warm-chronotail.db 1000000 100000 1000 raw 3 range-1000-raw-warm 7255
/Users/hamzaplojovic/projects/startups/chronotail/bench/competitive/build/competitive query nanots /Users/hamzaplojovic/projects/startups/chronotail/bench/competitive/work/range-1000-raw-warm-nanots.db 1000000 100000 1000 raw 3 range-1000-raw-warm 7255
/Users/hamzaplojovic/projects/startups/chronotail/bench/competitive/build/competitive query chronotail /Users/hamzaplojovic/projects/startups/chronotail/bench/competitive/work/range-1000-compressed-warm-chronotail.db 1000000 100000 1000 compressed 3 range-1000-compressed-warm 7255
/Users/hamzaplojovic/projects/startups/chronotail/bench/competitive/build/competitive query sqlite /Users/hamzaplojovic/projects/startups/chronotail/bench/competitive/work/range-10000-raw-warm-sqlite.db 1000000 10000 10000 raw 3 range-10000-raw-warm 16255
/Users/hamzaplojovic/projects/startups/chronotail/bench/competitive/build/competitive query chronotail /Users/hamzaplojovic/projects/startups/chronotail/bench/competitive/work/range-10000-raw-warm-chronotail.db 1000000 10000 10000 raw 3 range-10000-raw-warm 16255
/Users/hamzaplojovic/projects/startups/chronotail/bench/competitive/build/competitive query nanots /Users/hamzaplojovic/projects/startups/chronotail/bench/competitive/work/range-10000-raw-warm-nanots.db 1000000 10000 10000 raw 3 range-10000-raw-warm 16255
/Users/hamzaplojovic/projects/startups/chronotail/bench/competitive/build/competitive query chronotail /Users/hamzaplojovic/projects/startups/chronotail/bench/competitive/work/range-10000-compressed-warm-chronotail.db 1000000 10000 10000 compressed 3 range-10000-compressed-warm 16255
/Users/hamzaplojovic/projects/startups/chronotail/bench/competitive/build/competitive aggregate sqlite /Users/hamzaplojovic/projects/startups/chronotail/bench/competitive/work/aggregate-100-raw-warm-sqlite.db 1000000 100000 100 raw 3 aggregate-100-raw-warm 7355
/Users/hamzaplojovic/projects/startups/chronotail/bench/competitive/build/competitive aggregate chronotail /Users/hamzaplojovic/projects/startups/chronotail/bench/competitive/work/aggregate-100-raw-warm-chronotail.db 1000000 100000 100 raw 3 aggregate-100-raw-warm 7355
/Users/hamzaplojovic/projects/startups/chronotail/bench/competitive/build/competitive aggregate nanots /Users/hamzaplojovic/projects/startups/chronotail/bench/competitive/work/aggregate-100-raw-warm-nanots.db 1000000 100000 100 raw 3 aggregate-100-raw-warm 7355
/Users/hamzaplojovic/projects/startups/chronotail/bench/competitive/build/competitive aggregate chronotail /Users/hamzaplojovic/projects/startups/chronotail/bench/competitive/work/aggregate-100-compressed-warm-chronotail.db 1000000 100000 100 compressed 3 aggregate-100-compressed-warm 7355
/Users/hamzaplojovic/projects/startups/chronotail/bench/competitive/build/competitive aggregate sqlite /Users/hamzaplojovic/projects/startups/chronotail/bench/competitive/work/aggregate-10000-raw-warm-sqlite.db 1000000 10000 10000 raw 3 aggregate-10000-raw-warm 17255
/Users/hamzaplojovic/projects/startups/chronotail/bench/competitive/build/competitive aggregate chronotail /Users/hamzaplojovic/projects/startups/chronotail/bench/competitive/work/aggregate-10000-raw-warm-chronotail.db 1000000 10000 10000 raw 3 aggregate-10000-raw-warm 17255
/Users/hamzaplojovic/projects/startups/chronotail/bench/competitive/build/competitive aggregate nanots /Users/hamzaplojovic/projects/startups/chronotail/bench/competitive/work/aggregate-10000-raw-warm-nanots.db 1000000 10000 10000 raw 3 aggregate-10000-raw-warm 17255
/Users/hamzaplojovic/projects/startups/chronotail/bench/competitive/build/competitive aggregate chronotail /Users/hamzaplojovic/projects/startups/chronotail/bench/competitive/work/aggregate-10000-compressed-warm-chronotail.db 1000000 10000 10000 compressed 3 aggregate-10000-compressed-warm 17255
/Users/hamzaplojovic/projects/startups/chronotail/bench/competitive/build/competitive aggregate sqlite /Users/hamzaplojovic/projects/startups/chronotail/bench/competitive/work/aggregate-full-raw-warm-sqlite.db 1000000 100 1000000 raw 3 aggregate-full-raw-warm 1007255
/Users/hamzaplojovic/projects/startups/chronotail/bench/competitive/build/competitive aggregate chronotail /Users/hamzaplojovic/projects/startups/chronotail/bench/competitive/work/aggregate-full-raw-warm-chronotail.db 1000000 100 1000000 raw 3 aggregate-full-raw-warm 1007255
/Users/hamzaplojovic/projects/startups/chronotail/bench/competitive/build/competitive aggregate nanots /Users/hamzaplojovic/projects/startups/chronotail/bench/competitive/work/aggregate-full-raw-warm-nanots.db 1000000 100 1000000 raw 3 aggregate-full-raw-warm 1007255
/Users/hamzaplojovic/projects/startups/chronotail/bench/competitive/build/competitive aggregate chronotail /Users/hamzaplojovic/projects/startups/chronotail/bench/competitive/work/aggregate-full-compressed-warm-chronotail.db 1000000 100 1000000 compressed 3 aggregate-full-compressed-warm 1007255
/Users/hamzaplojovic/projects/startups/chronotail/bench/competitive/build/competitive concurrent sqlite /Users/hamzaplojovic/projects/startups/chronotail/bench/competitive/work/concurrent-2-sqlite.db 2 10 3 concurrent-2
/Users/hamzaplojovic/projects/startups/chronotail/bench/competitive/build/competitive concurrent chronotail /Users/hamzaplojovic/projects/startups/chronotail/bench/competitive/work/concurrent-2-chronotail.db 2 10 3 concurrent-2
/Users/hamzaplojovic/projects/startups/chronotail/bench/competitive/build/competitive concurrent nanots /Users/hamzaplojovic/projects/startups/chronotail/bench/competitive/work/concurrent-2-nanots.db 2 10 3 concurrent-2
/Users/hamzaplojovic/projects/startups/chronotail/bench/competitive/build/competitive concurrent sqlite /Users/hamzaplojovic/projects/startups/chronotail/bench/competitive/work/concurrent-4-sqlite.db 4 10 3 concurrent-4
/Users/hamzaplojovic/projects/startups/chronotail/bench/competitive/build/competitive concurrent chronotail /Users/hamzaplojovic/projects/startups/chronotail/bench/competitive/work/concurrent-4-chronotail.db 4 10 3 concurrent-4
/Users/hamzaplojovic/projects/startups/chronotail/bench/competitive/build/competitive concurrent nanots /Users/hamzaplojovic/projects/startups/chronotail/bench/competitive/work/concurrent-4-nanots.db 4 10 3 concurrent-4
/Users/hamzaplojovic/projects/startups/chronotail/bench/competitive/build/competitive concurrent sqlite /Users/hamzaplojovic/projects/startups/chronotail/bench/competitive/work/concurrent-16-sqlite.db 16 10 3 concurrent-16
/Users/hamzaplojovic/projects/startups/chronotail/bench/competitive/build/competitive concurrent chronotail /Users/hamzaplojovic/projects/startups/chronotail/bench/competitive/work/concurrent-16-chronotail.db 16 10 3 concurrent-16
/Users/hamzaplojovic/projects/startups/chronotail/bench/competitive/build/competitive concurrent nanots /Users/hamzaplojovic/projects/startups/chronotail/bench/competitive/work/concurrent-16-nanots.db 16 10 3 concurrent-16
/Users/hamzaplojovic/projects/startups/chronotail/bench/competitive/build/competitive append chronotail /Users/hamzaplojovic/projects/startups/chronotail/bench/competitive/work/storage-constant-raw-chronotail.db 10000000 1 0 raw constant 1 3 storage-constant-raw
/Users/hamzaplojovic/projects/startups/chronotail/bench/competitive/build/competitive append chronotail /Users/hamzaplojovic/projects/startups/chronotail/bench/competitive/work/storage-constant-compressed-chronotail.db 10000000 1 0 compressed constant 1 3 storage-constant-compressed
/Users/hamzaplojovic/projects/startups/chronotail/bench/competitive/build/competitive append nanots /Users/hamzaplojovic/projects/startups/chronotail/bench/competitive/work/storage-constant-nanots.db 10000000 1 0 raw constant 1 3 storage-constant
/Users/hamzaplojovic/projects/startups/chronotail/bench/competitive/build/competitive append sqlite /Users/hamzaplojovic/projects/startups/chronotail/bench/competitive/work/storage-constant-sqlite.db 10000000 1 0 raw constant 1 3 storage-constant
/Users/hamzaplojovic/projects/startups/chronotail/bench/competitive/build/competitive append chronotail /Users/hamzaplojovic/projects/startups/chronotail/bench/competitive/work/storage-spiky-raw-chronotail.db 10000000 1 0 raw spiky 1 3 storage-spiky-raw
/Users/hamzaplojovic/projects/startups/chronotail/bench/competitive/build/competitive append chronotail /Users/hamzaplojovic/projects/startups/chronotail/bench/competitive/work/storage-spiky-compressed-chronotail.db 10000000 1 0 compressed spiky 1 3 storage-spiky-compressed
/Users/hamzaplojovic/projects/startups/chronotail/bench/competitive/build/competitive append nanots /Users/hamzaplojovic/projects/startups/chronotail/bench/competitive/work/storage-spiky-nanots.db 10000000 1 0 raw spiky 1 3 storage-spiky
/Users/hamzaplojovic/projects/startups/chronotail/bench/competitive/build/competitive append sqlite /Users/hamzaplojovic/projects/startups/chronotail/bench/competitive/work/storage-spiky-sqlite.db 10000000 1 0 raw spiky 1 3 storage-spiky
/Users/hamzaplojovic/projects/startups/chronotail/bench/competitive/build/competitive append chronotail /Users/hamzaplojovic/projects/startups/chronotail/bench/competitive/work/append-A-none-chronotail.db 10000000 1 0 raw smooth 1 4 append-A-none
/Users/hamzaplojovic/projects/startups/chronotail/bench/competitive/build/competitive append nanots /Users/hamzaplojovic/projects/startups/chronotail/bench/competitive/work/append-A-none-nanots.db 10000000 1 0 raw smooth 1 4 append-A-none
/Users/hamzaplojovic/projects/startups/chronotail/bench/competitive/build/competitive append sqlite /Users/hamzaplojovic/projects/startups/chronotail/bench/competitive/work/append-A-none-sqlite.db 10000000 1 0 raw smooth 1 4 append-A-none
/Users/hamzaplojovic/projects/startups/chronotail/bench/competitive/build/competitive append chronotail /Users/hamzaplojovic/projects/startups/chronotail/bench/competitive/work/append-B-10MiB-chronotail.db 10000000 1 655360 raw smooth 1 4 append-B-10MiB
/Users/hamzaplojovic/projects/startups/chronotail/bench/competitive/build/competitive append nanots /Users/hamzaplojovic/projects/startups/chronotail/bench/competitive/work/append-B-10MiB-nanots.db 10000000 1 655360 raw smooth 1 4 append-B-10MiB
/Users/hamzaplojovic/projects/startups/chronotail/bench/competitive/build/competitive append sqlite /Users/hamzaplojovic/projects/startups/chronotail/bench/competitive/work/append-B-10MiB-sqlite.db 10000000 1 655360 raw smooth 1 4 append-B-10MiB
/Users/hamzaplojovic/projects/startups/chronotail/bench/competitive/build/competitive append chronotail /Users/hamzaplojovic/projects/startups/chronotail/bench/competitive/work/append-C-1MiB-chronotail.db 10000000 1 65536 raw smooth 1 4 append-C-1MiB
/Users/hamzaplojovic/projects/startups/chronotail/bench/competitive/build/competitive append nanots /Users/hamzaplojovic/projects/startups/chronotail/bench/competitive/work/append-C-1MiB-nanots.db 10000000 1 65536 raw smooth 1 4 append-C-1MiB
/Users/hamzaplojovic/projects/startups/chronotail/bench/competitive/build/competitive append sqlite /Users/hamzaplojovic/projects/startups/chronotail/bench/competitive/work/append-C-1MiB-sqlite.db 10000000 1 65536 raw smooth 1 4 append-C-1MiB
/Users/hamzaplojovic/projects/startups/chronotail/bench/competitive/build/competitive append chronotail /Users/hamzaplojovic/projects/startups/chronotail/bench/competitive/work/append-8-series-chronotail.db 1000000 8 655360 raw smooth 1 4 append-8-series
/Users/hamzaplojovic/projects/startups/chronotail/bench/competitive/build/competitive append nanots /Users/hamzaplojovic/projects/startups/chronotail/bench/competitive/work/append-8-series-nanots.db 1000000 8 655360 raw smooth 1 4 append-8-series
/Users/hamzaplojovic/projects/startups/chronotail/bench/competitive/build/competitive append sqlite /Users/hamzaplojovic/projects/startups/chronotail/bench/competitive/work/append-8-series-sqlite.db 1000000 8 655360 raw smooth 1 4 append-8-series
/Users/hamzaplojovic/projects/startups/chronotail/bench/competitive/build/competitive query chronotail /Users/hamzaplojovic/projects/startups/chronotail/bench/competitive/work/point-lookup-warm-chronotail.db 1000000 100000 1 raw 4 point-lookup-warm 4246
/Users/hamzaplojovic/projects/startups/chronotail/bench/competitive/build/competitive query nanots /Users/hamzaplojovic/projects/startups/chronotail/bench/competitive/work/point-lookup-warm-nanots.db 1000000 100000 1 raw 4 point-lookup-warm 4246
/Users/hamzaplojovic/projects/startups/chronotail/bench/competitive/build/competitive query sqlite /Users/hamzaplojovic/projects/startups/chronotail/bench/competitive/work/point-lookup-warm-sqlite.db 1000000 100000 1 raw 4 point-lookup-warm 4246
/Users/hamzaplojovic/projects/startups/chronotail/bench/competitive/build/competitive query chronotail /Users/hamzaplojovic/projects/startups/chronotail/bench/competitive/work/range-100-raw-warm-chronotail.db 1000000 100000 100 raw 4 range-100-raw-warm 5256
/Users/hamzaplojovic/projects/startups/chronotail/bench/competitive/build/competitive query nanots /Users/hamzaplojovic/projects/startups/chronotail/bench/competitive/work/range-100-raw-warm-nanots.db 1000000 100000 100 raw 4 range-100-raw-warm 5256
/Users/hamzaplojovic/projects/startups/chronotail/bench/competitive/build/competitive query sqlite /Users/hamzaplojovic/projects/startups/chronotail/bench/competitive/work/range-100-raw-warm-sqlite.db 1000000 100000 100 raw 4 range-100-raw-warm 5256
/Users/hamzaplojovic/projects/startups/chronotail/bench/competitive/build/competitive query chronotail /Users/hamzaplojovic/projects/startups/chronotail/bench/competitive/work/range-100-compressed-warm-chronotail.db 1000000 100000 100 compressed 4 range-100-compressed-warm 5256
/Users/hamzaplojovic/projects/startups/chronotail/bench/competitive/build/competitive concurrent chronotail /Users/hamzaplojovic/projects/startups/chronotail/bench/competitive/work/concurrent-1-chronotail.db 1 10 4 concurrent-1
/Users/hamzaplojovic/projects/startups/chronotail/bench/competitive/build/competitive concurrent nanots /Users/hamzaplojovic/projects/startups/chronotail/bench/competitive/work/concurrent-1-nanots.db 1 10 4 concurrent-1
/Users/hamzaplojovic/projects/startups/chronotail/bench/competitive/build/competitive concurrent sqlite /Users/hamzaplojovic/projects/startups/chronotail/bench/competitive/work/concurrent-1-sqlite.db 1 10 4 concurrent-1
/Users/hamzaplojovic/projects/startups/chronotail/bench/competitive/build/competitive concurrent chronotail /Users/hamzaplojovic/projects/startups/chronotail/bench/competitive/work/concurrent-8-chronotail.db 8 10 4 concurrent-8
/Users/hamzaplojovic/projects/startups/chronotail/bench/competitive/build/competitive concurrent nanots /Users/hamzaplojovic/projects/startups/chronotail/bench/competitive/work/concurrent-8-nanots.db 8 10 4 concurrent-8
/Users/hamzaplojovic/projects/startups/chronotail/bench/competitive/build/competitive concurrent sqlite /Users/hamzaplojovic/projects/startups/chronotail/bench/competitive/work/concurrent-8-sqlite.db 8 10 4 concurrent-8
/Users/hamzaplojovic/projects/startups/chronotail/bench/competitive/build/competitive concurrent chronotail /Users/hamzaplojovic/projects/startups/chronotail/bench/competitive/work/concurrent-32-chronotail.db 32 10 4 concurrent-32
/Users/hamzaplojovic/projects/startups/chronotail/bench/competitive/build/competitive concurrent nanots /Users/hamzaplojovic/projects/startups/chronotail/bench/competitive/work/concurrent-32-nanots.db 32 10 4 concurrent-32
/Users/hamzaplojovic/projects/startups/chronotail/bench/competitive/build/competitive concurrent sqlite /Users/hamzaplojovic/projects/startups/chronotail/bench/competitive/work/concurrent-32-sqlite.db 32 10 4 concurrent-32
/Users/hamzaplojovic/projects/startups/chronotail/bench/competitive/build/competitive append chronotail /Users/hamzaplojovic/projects/startups/chronotail/bench/competitive/work/storage-smooth-raw-chronotail.db 10000000 1 0 raw smooth 1 4 storage-smooth-raw
/Users/hamzaplojovic/projects/startups/chronotail/bench/competitive/build/competitive append chronotail /Users/hamzaplojovic/projects/startups/chronotail/bench/competitive/work/storage-smooth-compressed-chronotail.db 10000000 1 0 compressed smooth 1 4 storage-smooth-compressed
/Users/hamzaplojovic/projects/startups/chronotail/bench/competitive/build/competitive append nanots /Users/hamzaplojovic/projects/startups/chronotail/bench/competitive/work/storage-smooth-nanots.db 10000000 1 0 raw smooth 1 4 storage-smooth
/Users/hamzaplojovic/projects/startups/chronotail/bench/competitive/build/competitive append sqlite /Users/hamzaplojovic/projects/startups/chronotail/bench/competitive/work/storage-smooth-sqlite.db 10000000 1 0 raw smooth 1 4 storage-smooth
/Users/hamzaplojovic/projects/startups/chronotail/bench/competitive/build/competitive append chronotail /Users/hamzaplojovic/projects/startups/chronotail/bench/competitive/work/storage-random-raw-chronotail.db 10000000 1 0 raw random 1 4 storage-random-raw
/Users/hamzaplojovic/projects/startups/chronotail/bench/competitive/build/competitive append chronotail /Users/hamzaplojovic/projects/startups/chronotail/bench/competitive/work/storage-random-compressed-chronotail.db 10000000 1 0 compressed random 1 4 storage-random-compressed
/Users/hamzaplojovic/projects/startups/chronotail/bench/competitive/build/competitive append nanots /Users/hamzaplojovic/projects/startups/chronotail/bench/competitive/work/storage-random-nanots.db 10000000 1 0 raw random 1 4 storage-random
/Users/hamzaplojovic/projects/startups/chronotail/bench/competitive/build/competitive append sqlite /Users/hamzaplojovic/projects/startups/chronotail/bench/competitive/work/storage-random-sqlite.db 10000000 1 0 raw random 1 4 storage-random
/Users/hamzaplojovic/projects/startups/chronotail/bench/competitive/build/competitive append chronotail /Users/hamzaplojovic/projects/startups/chronotail/bench/competitive/work/append-batch-4096-chronotail.db 10000000 1 0 raw smooth 4096 4 append-batch-4096
/Users/hamzaplojovic/projects/startups/chronotail/bench/competitive/build/competitive append nanots /Users/hamzaplojovic/projects/startups/chronotail/bench/competitive/work/append-batch-4096-nanots.db 10000000 1 0 raw smooth 4096 4 append-batch-4096
/Users/hamzaplojovic/projects/startups/chronotail/bench/competitive/build/competitive append sqlite /Users/hamzaplojovic/projects/startups/chronotail/bench/competitive/work/append-batch-4096-sqlite.db 10000000 1 0 raw smooth 4096 4 append-batch-4096
/Users/hamzaplojovic/projects/startups/chronotail/bench/competitive/build/competitive query chronotail /Users/hamzaplojovic/projects/startups/chronotail/bench/competitive/work/point-lookup-compressed-warm-chronotail.db 1000000 100000 1 compressed 4 point-lookup-compressed-warm 4246
/Users/hamzaplojovic/projects/startups/chronotail/bench/competitive/build/competitive query chronotail /Users/hamzaplojovic/projects/startups/chronotail/bench/competitive/work/range-10-raw-warm-chronotail.db 1000000 100000 10 raw 4 range-10-raw-warm 6266
/Users/hamzaplojovic/projects/startups/chronotail/bench/competitive/build/competitive query nanots /Users/hamzaplojovic/projects/startups/chronotail/bench/competitive/work/range-10-raw-warm-nanots.db 1000000 100000 10 raw 4 range-10-raw-warm 6266
/Users/hamzaplojovic/projects/startups/chronotail/bench/competitive/build/competitive query sqlite /Users/hamzaplojovic/projects/startups/chronotail/bench/competitive/work/range-10-raw-warm-sqlite.db 1000000 100000 10 raw 4 range-10-raw-warm 6266
/Users/hamzaplojovic/projects/startups/chronotail/bench/competitive/build/competitive query chronotail /Users/hamzaplojovic/projects/startups/chronotail/bench/competitive/work/range-10-compressed-warm-chronotail.db 1000000 100000 10 compressed 4 range-10-compressed-warm 6266
/Users/hamzaplojovic/projects/startups/chronotail/bench/competitive/build/competitive query chronotail /Users/hamzaplojovic/projects/startups/chronotail/bench/competitive/work/range-1000-raw-warm-chronotail.db 1000000 100000 1000 raw 4 range-1000-raw-warm 7256
/Users/hamzaplojovic/projects/startups/chronotail/bench/competitive/build/competitive query nanots /Users/hamzaplojovic/projects/startups/chronotail/bench/competitive/work/range-1000-raw-warm-nanots.db 1000000 100000 1000 raw 4 range-1000-raw-warm 7256
/Users/hamzaplojovic/projects/startups/chronotail/bench/competitive/build/competitive query sqlite /Users/hamzaplojovic/projects/startups/chronotail/bench/competitive/work/range-1000-raw-warm-sqlite.db 1000000 100000 1000 raw 4 range-1000-raw-warm 7256
/Users/hamzaplojovic/projects/startups/chronotail/bench/competitive/build/competitive query chronotail /Users/hamzaplojovic/projects/startups/chronotail/bench/competitive/work/range-1000-compressed-warm-chronotail.db 1000000 100000 1000 compressed 4 range-1000-compressed-warm 7256
/Users/hamzaplojovic/projects/startups/chronotail/bench/competitive/build/competitive query chronotail /Users/hamzaplojovic/projects/startups/chronotail/bench/competitive/work/range-10000-raw-warm-chronotail.db 1000000 10000 10000 raw 4 range-10000-raw-warm 16256
/Users/hamzaplojovic/projects/startups/chronotail/bench/competitive/build/competitive query nanots /Users/hamzaplojovic/projects/startups/chronotail/bench/competitive/work/range-10000-raw-warm-nanots.db 1000000 10000 10000 raw 4 range-10000-raw-warm 16256
/Users/hamzaplojovic/projects/startups/chronotail/bench/competitive/build/competitive query sqlite /Users/hamzaplojovic/projects/startups/chronotail/bench/competitive/work/range-10000-raw-warm-sqlite.db 1000000 10000 10000 raw 4 range-10000-raw-warm 16256
/Users/hamzaplojovic/projects/startups/chronotail/bench/competitive/build/competitive query chronotail /Users/hamzaplojovic/projects/startups/chronotail/bench/competitive/work/range-10000-compressed-warm-chronotail.db 1000000 10000 10000 compressed 4 range-10000-compressed-warm 16256
/Users/hamzaplojovic/projects/startups/chronotail/bench/competitive/build/competitive aggregate chronotail /Users/hamzaplojovic/projects/startups/chronotail/bench/competitive/work/aggregate-100-raw-warm-chronotail.db 1000000 100000 100 raw 4 aggregate-100-raw-warm 7356
/Users/hamzaplojovic/projects/startups/chronotail/bench/competitive/build/competitive aggregate nanots /Users/hamzaplojovic/projects/startups/chronotail/bench/competitive/work/aggregate-100-raw-warm-nanots.db 1000000 100000 100 raw 4 aggregate-100-raw-warm 7356
/Users/hamzaplojovic/projects/startups/chronotail/bench/competitive/build/competitive aggregate sqlite /Users/hamzaplojovic/projects/startups/chronotail/bench/competitive/work/aggregate-100-raw-warm-sqlite.db 1000000 100000 100 raw 4 aggregate-100-raw-warm 7356
/Users/hamzaplojovic/projects/startups/chronotail/bench/competitive/build/competitive aggregate chronotail /Users/hamzaplojovic/projects/startups/chronotail/bench/competitive/work/aggregate-100-compressed-warm-chronotail.db 1000000 100000 100 compressed 4 aggregate-100-compressed-warm 7356
/Users/hamzaplojovic/projects/startups/chronotail/bench/competitive/build/competitive aggregate chronotail /Users/hamzaplojovic/projects/startups/chronotail/bench/competitive/work/aggregate-10000-raw-warm-chronotail.db 1000000 10000 10000 raw 4 aggregate-10000-raw-warm 17256
/Users/hamzaplojovic/projects/startups/chronotail/bench/competitive/build/competitive aggregate nanots /Users/hamzaplojovic/projects/startups/chronotail/bench/competitive/work/aggregate-10000-raw-warm-nanots.db 1000000 10000 10000 raw 4 aggregate-10000-raw-warm 17256
/Users/hamzaplojovic/projects/startups/chronotail/bench/competitive/build/competitive aggregate sqlite /Users/hamzaplojovic/projects/startups/chronotail/bench/competitive/work/aggregate-10000-raw-warm-sqlite.db 1000000 10000 10000 raw 4 aggregate-10000-raw-warm 17256
/Users/hamzaplojovic/projects/startups/chronotail/bench/competitive/build/competitive aggregate chronotail /Users/hamzaplojovic/projects/startups/chronotail/bench/competitive/work/aggregate-10000-compressed-warm-chronotail.db 1000000 10000 10000 compressed 4 aggregate-10000-compressed-warm 17256
/Users/hamzaplojovic/projects/startups/chronotail/bench/competitive/build/competitive aggregate chronotail /Users/hamzaplojovic/projects/startups/chronotail/bench/competitive/work/aggregate-full-raw-warm-chronotail.db 1000000 100 1000000 raw 4 aggregate-full-raw-warm 1007256
/Users/hamzaplojovic/projects/startups/chronotail/bench/competitive/build/competitive aggregate nanots /Users/hamzaplojovic/projects/startups/chronotail/bench/competitive/work/aggregate-full-raw-warm-nanots.db 1000000 100 1000000 raw 4 aggregate-full-raw-warm 1007256
/Users/hamzaplojovic/projects/startups/chronotail/bench/competitive/build/competitive aggregate sqlite /Users/hamzaplojovic/projects/startups/chronotail/bench/competitive/work/aggregate-full-raw-warm-sqlite.db 1000000 100 1000000 raw 4 aggregate-full-raw-warm 1007256
/Users/hamzaplojovic/projects/startups/chronotail/bench/competitive/build/competitive aggregate chronotail /Users/hamzaplojovic/projects/startups/chronotail/bench/competitive/work/aggregate-full-compressed-warm-chronotail.db 1000000 100 1000000 compressed 4 aggregate-full-compressed-warm 1007256
/Users/hamzaplojovic/projects/startups/chronotail/bench/competitive/build/competitive concurrent chronotail /Users/hamzaplojovic/projects/startups/chronotail/bench/competitive/work/concurrent-2-chronotail.db 2 10 4 concurrent-2
/Users/hamzaplojovic/projects/startups/chronotail/bench/competitive/build/competitive concurrent nanots /Users/hamzaplojovic/projects/startups/chronotail/bench/competitive/work/concurrent-2-nanots.db 2 10 4 concurrent-2
/Users/hamzaplojovic/projects/startups/chronotail/bench/competitive/build/competitive concurrent sqlite /Users/hamzaplojovic/projects/startups/chronotail/bench/competitive/work/concurrent-2-sqlite.db 2 10 4 concurrent-2
/Users/hamzaplojovic/projects/startups/chronotail/bench/competitive/build/competitive concurrent chronotail /Users/hamzaplojovic/projects/startups/chronotail/bench/competitive/work/concurrent-4-chronotail.db 4 10 4 concurrent-4
/Users/hamzaplojovic/projects/startups/chronotail/bench/competitive/build/competitive concurrent nanots /Users/hamzaplojovic/projects/startups/chronotail/bench/competitive/work/concurrent-4-nanots.db 4 10 4 concurrent-4
/Users/hamzaplojovic/projects/startups/chronotail/bench/competitive/build/competitive concurrent sqlite /Users/hamzaplojovic/projects/startups/chronotail/bench/competitive/work/concurrent-4-sqlite.db 4 10 4 concurrent-4
/Users/hamzaplojovic/projects/startups/chronotail/bench/competitive/build/competitive concurrent chronotail /Users/hamzaplojovic/projects/startups/chronotail/bench/competitive/work/concurrent-16-chronotail.db 16 10 4 concurrent-16
/Users/hamzaplojovic/projects/startups/chronotail/bench/competitive/build/competitive concurrent nanots /Users/hamzaplojovic/projects/startups/chronotail/bench/competitive/work/concurrent-16-nanots.db 16 10 4 concurrent-16
/Users/hamzaplojovic/projects/startups/chronotail/bench/competitive/build/competitive concurrent sqlite /Users/hamzaplojovic/projects/startups/chronotail/bench/competitive/work/concurrent-16-sqlite.db 16 10 4 concurrent-16
/Users/hamzaplojovic/projects/startups/chronotail/bench/competitive/build/competitive append chronotail /Users/hamzaplojovic/projects/startups/chronotail/bench/competitive/work/storage-constant-raw-chronotail.db 10000000 1 0 raw constant 1 4 storage-constant-raw
/Users/hamzaplojovic/projects/startups/chronotail/bench/competitive/build/competitive append chronotail /Users/hamzaplojovic/projects/startups/chronotail/bench/competitive/work/storage-constant-compressed-chronotail.db 10000000 1 0 compressed constant 1 4 storage-constant-compressed
/Users/hamzaplojovic/projects/startups/chronotail/bench/competitive/build/competitive append nanots /Users/hamzaplojovic/projects/startups/chronotail/bench/competitive/work/storage-constant-nanots.db 10000000 1 0 raw constant 1 4 storage-constant
/Users/hamzaplojovic/projects/startups/chronotail/bench/competitive/build/competitive append sqlite /Users/hamzaplojovic/projects/startups/chronotail/bench/competitive/work/storage-constant-sqlite.db 10000000 1 0 raw constant 1 4 storage-constant
/Users/hamzaplojovic/projects/startups/chronotail/bench/competitive/build/competitive append chronotail /Users/hamzaplojovic/projects/startups/chronotail/bench/competitive/work/storage-spiky-raw-chronotail.db 10000000 1 0 raw spiky 1 4 storage-spiky-raw
/Users/hamzaplojovic/projects/startups/chronotail/bench/competitive/build/competitive append chronotail /Users/hamzaplojovic/projects/startups/chronotail/bench/competitive/work/storage-spiky-compressed-chronotail.db 10000000 1 0 compressed spiky 1 4 storage-spiky-compressed
/Users/hamzaplojovic/projects/startups/chronotail/bench/competitive/build/competitive append nanots /Users/hamzaplojovic/projects/startups/chronotail/bench/competitive/work/storage-spiky-nanots.db 10000000 1 0 raw spiky 1 4 storage-spiky
/Users/hamzaplojovic/projects/startups/chronotail/bench/competitive/build/competitive append sqlite /Users/hamzaplojovic/projects/startups/chronotail/bench/competitive/work/storage-spiky-sqlite.db 10000000 1 0 raw spiky 1 4 storage-spiky
/Users/hamzaplojovic/projects/startups/chronotail/bench/competitive/build/competitive append nanots /Users/hamzaplojovic/projects/startups/chronotail/bench/competitive/work/append-A-none-nanots.db 10000000 1 0 raw smooth 1 5 append-A-none
/Users/hamzaplojovic/projects/startups/chronotail/bench/competitive/build/competitive append sqlite /Users/hamzaplojovic/projects/startups/chronotail/bench/competitive/work/append-A-none-sqlite.db 10000000 1 0 raw smooth 1 5 append-A-none
/Users/hamzaplojovic/projects/startups/chronotail/bench/competitive/build/competitive append chronotail /Users/hamzaplojovic/projects/startups/chronotail/bench/competitive/work/append-A-none-chronotail.db 10000000 1 0 raw smooth 1 5 append-A-none
/Users/hamzaplojovic/projects/startups/chronotail/bench/competitive/build/competitive append nanots /Users/hamzaplojovic/projects/startups/chronotail/bench/competitive/work/append-B-10MiB-nanots.db 10000000 1 655360 raw smooth 1 5 append-B-10MiB
/Users/hamzaplojovic/projects/startups/chronotail/bench/competitive/build/competitive append sqlite /Users/hamzaplojovic/projects/startups/chronotail/bench/competitive/work/append-B-10MiB-sqlite.db 10000000 1 655360 raw smooth 1 5 append-B-10MiB
/Users/hamzaplojovic/projects/startups/chronotail/bench/competitive/build/competitive append chronotail /Users/hamzaplojovic/projects/startups/chronotail/bench/competitive/work/append-B-10MiB-chronotail.db 10000000 1 655360 raw smooth 1 5 append-B-10MiB
/Users/hamzaplojovic/projects/startups/chronotail/bench/competitive/build/competitive append nanots /Users/hamzaplojovic/projects/startups/chronotail/bench/competitive/work/append-C-1MiB-nanots.db 10000000 1 65536 raw smooth 1 5 append-C-1MiB
/Users/hamzaplojovic/projects/startups/chronotail/bench/competitive/build/competitive append sqlite /Users/hamzaplojovic/projects/startups/chronotail/bench/competitive/work/append-C-1MiB-sqlite.db 10000000 1 65536 raw smooth 1 5 append-C-1MiB
/Users/hamzaplojovic/projects/startups/chronotail/bench/competitive/build/competitive append chronotail /Users/hamzaplojovic/projects/startups/chronotail/bench/competitive/work/append-C-1MiB-chronotail.db 10000000 1 65536 raw smooth 1 5 append-C-1MiB
/Users/hamzaplojovic/projects/startups/chronotail/bench/competitive/build/competitive append nanots /Users/hamzaplojovic/projects/startups/chronotail/bench/competitive/work/append-8-series-nanots.db 1000000 8 655360 raw smooth 1 5 append-8-series
/Users/hamzaplojovic/projects/startups/chronotail/bench/competitive/build/competitive append sqlite /Users/hamzaplojovic/projects/startups/chronotail/bench/competitive/work/append-8-series-sqlite.db 1000000 8 655360 raw smooth 1 5 append-8-series
/Users/hamzaplojovic/projects/startups/chronotail/bench/competitive/build/competitive append chronotail /Users/hamzaplojovic/projects/startups/chronotail/bench/competitive/work/append-8-series-chronotail.db 1000000 8 655360 raw smooth 1 5 append-8-series
/Users/hamzaplojovic/projects/startups/chronotail/bench/competitive/build/competitive query nanots /Users/hamzaplojovic/projects/startups/chronotail/bench/competitive/work/point-lookup-warm-nanots.db 1000000 100000 1 raw 5 point-lookup-warm 4247
/Users/hamzaplojovic/projects/startups/chronotail/bench/competitive/build/competitive query sqlite /Users/hamzaplojovic/projects/startups/chronotail/bench/competitive/work/point-lookup-warm-sqlite.db 1000000 100000 1 raw 5 point-lookup-warm 4247
/Users/hamzaplojovic/projects/startups/chronotail/bench/competitive/build/competitive query chronotail /Users/hamzaplojovic/projects/startups/chronotail/bench/competitive/work/point-lookup-warm-chronotail.db 1000000 100000 1 raw 5 point-lookup-warm 4247
/Users/hamzaplojovic/projects/startups/chronotail/bench/competitive/build/competitive query nanots /Users/hamzaplojovic/projects/startups/chronotail/bench/competitive/work/range-100-raw-warm-nanots.db 1000000 100000 100 raw 5 range-100-raw-warm 5257
/Users/hamzaplojovic/projects/startups/chronotail/bench/competitive/build/competitive query sqlite /Users/hamzaplojovic/projects/startups/chronotail/bench/competitive/work/range-100-raw-warm-sqlite.db 1000000 100000 100 raw 5 range-100-raw-warm 5257
/Users/hamzaplojovic/projects/startups/chronotail/bench/competitive/build/competitive query chronotail /Users/hamzaplojovic/projects/startups/chronotail/bench/competitive/work/range-100-raw-warm-chronotail.db 1000000 100000 100 raw 5 range-100-raw-warm 5257
/Users/hamzaplojovic/projects/startups/chronotail/bench/competitive/build/competitive query chronotail /Users/hamzaplojovic/projects/startups/chronotail/bench/competitive/work/range-100-compressed-warm-chronotail.db 1000000 100000 100 compressed 5 range-100-compressed-warm 5257
/Users/hamzaplojovic/projects/startups/chronotail/bench/competitive/build/competitive concurrent nanots /Users/hamzaplojovic/projects/startups/chronotail/bench/competitive/work/concurrent-1-nanots.db 1 10 5 concurrent-1
/Users/hamzaplojovic/projects/startups/chronotail/bench/competitive/build/competitive concurrent sqlite /Users/hamzaplojovic/projects/startups/chronotail/bench/competitive/work/concurrent-1-sqlite.db 1 10 5 concurrent-1
/Users/hamzaplojovic/projects/startups/chronotail/bench/competitive/build/competitive concurrent chronotail /Users/hamzaplojovic/projects/startups/chronotail/bench/competitive/work/concurrent-1-chronotail.db 1 10 5 concurrent-1
/Users/hamzaplojovic/projects/startups/chronotail/bench/competitive/build/competitive concurrent nanots /Users/hamzaplojovic/projects/startups/chronotail/bench/competitive/work/concurrent-8-nanots.db 8 10 5 concurrent-8
/Users/hamzaplojovic/projects/startups/chronotail/bench/competitive/build/competitive concurrent sqlite /Users/hamzaplojovic/projects/startups/chronotail/bench/competitive/work/concurrent-8-sqlite.db 8 10 5 concurrent-8
/Users/hamzaplojovic/projects/startups/chronotail/bench/competitive/build/competitive concurrent chronotail /Users/hamzaplojovic/projects/startups/chronotail/bench/competitive/work/concurrent-8-chronotail.db 8 10 5 concurrent-8
/Users/hamzaplojovic/projects/startups/chronotail/bench/competitive/build/competitive concurrent nanots /Users/hamzaplojovic/projects/startups/chronotail/bench/competitive/work/concurrent-32-nanots.db 32 10 5 concurrent-32
/Users/hamzaplojovic/projects/startups/chronotail/bench/competitive/build/competitive concurrent sqlite /Users/hamzaplojovic/projects/startups/chronotail/bench/competitive/work/concurrent-32-sqlite.db 32 10 5 concurrent-32
/Users/hamzaplojovic/projects/startups/chronotail/bench/competitive/build/competitive concurrent chronotail /Users/hamzaplojovic/projects/startups/chronotail/bench/competitive/work/concurrent-32-chronotail.db 32 10 5 concurrent-32
/Users/hamzaplojovic/projects/startups/chronotail/bench/competitive/build/competitive append chronotail /Users/hamzaplojovic/projects/startups/chronotail/bench/competitive/work/storage-smooth-raw-chronotail.db 10000000 1 0 raw smooth 1 5 storage-smooth-raw
/Users/hamzaplojovic/projects/startups/chronotail/bench/competitive/build/competitive append chronotail /Users/hamzaplojovic/projects/startups/chronotail/bench/competitive/work/storage-smooth-compressed-chronotail.db 10000000 1 0 compressed smooth 1 5 storage-smooth-compressed
/Users/hamzaplojovic/projects/startups/chronotail/bench/competitive/build/competitive append nanots /Users/hamzaplojovic/projects/startups/chronotail/bench/competitive/work/storage-smooth-nanots.db 10000000 1 0 raw smooth 1 5 storage-smooth
/Users/hamzaplojovic/projects/startups/chronotail/bench/competitive/build/competitive append sqlite /Users/hamzaplojovic/projects/startups/chronotail/bench/competitive/work/storage-smooth-sqlite.db 10000000 1 0 raw smooth 1 5 storage-smooth
/Users/hamzaplojovic/projects/startups/chronotail/bench/competitive/build/competitive append chronotail /Users/hamzaplojovic/projects/startups/chronotail/bench/competitive/work/storage-random-raw-chronotail.db 10000000 1 0 raw random 1 5 storage-random-raw
/Users/hamzaplojovic/projects/startups/chronotail/bench/competitive/build/competitive append chronotail /Users/hamzaplojovic/projects/startups/chronotail/bench/competitive/work/storage-random-compressed-chronotail.db 10000000 1 0 compressed random 1 5 storage-random-compressed
/Users/hamzaplojovic/projects/startups/chronotail/bench/competitive/build/competitive append nanots /Users/hamzaplojovic/projects/startups/chronotail/bench/competitive/work/storage-random-nanots.db 10000000 1 0 raw random 1 5 storage-random
/Users/hamzaplojovic/projects/startups/chronotail/bench/competitive/build/competitive append sqlite /Users/hamzaplojovic/projects/startups/chronotail/bench/competitive/work/storage-random-sqlite.db 10000000 1 0 raw random 1 5 storage-random
/Users/hamzaplojovic/projects/startups/chronotail/bench/competitive/build/competitive append nanots /Users/hamzaplojovic/projects/startups/chronotail/bench/competitive/work/append-batch-4096-nanots.db 10000000 1 0 raw smooth 4096 5 append-batch-4096
/Users/hamzaplojovic/projects/startups/chronotail/bench/competitive/build/competitive append sqlite /Users/hamzaplojovic/projects/startups/chronotail/bench/competitive/work/append-batch-4096-sqlite.db 10000000 1 0 raw smooth 4096 5 append-batch-4096
/Users/hamzaplojovic/projects/startups/chronotail/bench/competitive/build/competitive append chronotail /Users/hamzaplojovic/projects/startups/chronotail/bench/competitive/work/append-batch-4096-chronotail.db 10000000 1 0 raw smooth 4096 5 append-batch-4096
/Users/hamzaplojovic/projects/startups/chronotail/bench/competitive/build/competitive query chronotail /Users/hamzaplojovic/projects/startups/chronotail/bench/competitive/work/point-lookup-compressed-warm-chronotail.db 1000000 100000 1 compressed 5 point-lookup-compressed-warm 4247
/Users/hamzaplojovic/projects/startups/chronotail/bench/competitive/build/competitive query nanots /Users/hamzaplojovic/projects/startups/chronotail/bench/competitive/work/range-10-raw-warm-nanots.db 1000000 100000 10 raw 5 range-10-raw-warm 6267
/Users/hamzaplojovic/projects/startups/chronotail/bench/competitive/build/competitive query sqlite /Users/hamzaplojovic/projects/startups/chronotail/bench/competitive/work/range-10-raw-warm-sqlite.db 1000000 100000 10 raw 5 range-10-raw-warm 6267
/Users/hamzaplojovic/projects/startups/chronotail/bench/competitive/build/competitive query chronotail /Users/hamzaplojovic/projects/startups/chronotail/bench/competitive/work/range-10-raw-warm-chronotail.db 1000000 100000 10 raw 5 range-10-raw-warm 6267
/Users/hamzaplojovic/projects/startups/chronotail/bench/competitive/build/competitive query chronotail /Users/hamzaplojovic/projects/startups/chronotail/bench/competitive/work/range-10-compressed-warm-chronotail.db 1000000 100000 10 compressed 5 range-10-compressed-warm 6267
/Users/hamzaplojovic/projects/startups/chronotail/bench/competitive/build/competitive query nanots /Users/hamzaplojovic/projects/startups/chronotail/bench/competitive/work/range-1000-raw-warm-nanots.db 1000000 100000 1000 raw 5 range-1000-raw-warm 7257
/Users/hamzaplojovic/projects/startups/chronotail/bench/competitive/build/competitive query sqlite /Users/hamzaplojovic/projects/startups/chronotail/bench/competitive/work/range-1000-raw-warm-sqlite.db 1000000 100000 1000 raw 5 range-1000-raw-warm 7257
/Users/hamzaplojovic/projects/startups/chronotail/bench/competitive/build/competitive query chronotail /Users/hamzaplojovic/projects/startups/chronotail/bench/competitive/work/range-1000-raw-warm-chronotail.db 1000000 100000 1000 raw 5 range-1000-raw-warm 7257
/Users/hamzaplojovic/projects/startups/chronotail/bench/competitive/build/competitive query chronotail /Users/hamzaplojovic/projects/startups/chronotail/bench/competitive/work/range-1000-compressed-warm-chronotail.db 1000000 100000 1000 compressed 5 range-1000-compressed-warm 7257
/Users/hamzaplojovic/projects/startups/chronotail/bench/competitive/build/competitive query nanots /Users/hamzaplojovic/projects/startups/chronotail/bench/competitive/work/range-10000-raw-warm-nanots.db 1000000 10000 10000 raw 5 range-10000-raw-warm 16257
/Users/hamzaplojovic/projects/startups/chronotail/bench/competitive/build/competitive query sqlite /Users/hamzaplojovic/projects/startups/chronotail/bench/competitive/work/range-10000-raw-warm-sqlite.db 1000000 10000 10000 raw 5 range-10000-raw-warm 16257
/Users/hamzaplojovic/projects/startups/chronotail/bench/competitive/build/competitive query chronotail /Users/hamzaplojovic/projects/startups/chronotail/bench/competitive/work/range-10000-raw-warm-chronotail.db 1000000 10000 10000 raw 5 range-10000-raw-warm 16257
/Users/hamzaplojovic/projects/startups/chronotail/bench/competitive/build/competitive query chronotail /Users/hamzaplojovic/projects/startups/chronotail/bench/competitive/work/range-10000-compressed-warm-chronotail.db 1000000 10000 10000 compressed 5 range-10000-compressed-warm 16257
/Users/hamzaplojovic/projects/startups/chronotail/bench/competitive/build/competitive aggregate nanots /Users/hamzaplojovic/projects/startups/chronotail/bench/competitive/work/aggregate-100-raw-warm-nanots.db 1000000 100000 100 raw 5 aggregate-100-raw-warm 7357
/Users/hamzaplojovic/projects/startups/chronotail/bench/competitive/build/competitive aggregate sqlite /Users/hamzaplojovic/projects/startups/chronotail/bench/competitive/work/aggregate-100-raw-warm-sqlite.db 1000000 100000 100 raw 5 aggregate-100-raw-warm 7357
/Users/hamzaplojovic/projects/startups/chronotail/bench/competitive/build/competitive aggregate chronotail /Users/hamzaplojovic/projects/startups/chronotail/bench/competitive/work/aggregate-100-raw-warm-chronotail.db 1000000 100000 100 raw 5 aggregate-100-raw-warm 7357
/Users/hamzaplojovic/projects/startups/chronotail/bench/competitive/build/competitive aggregate chronotail /Users/hamzaplojovic/projects/startups/chronotail/bench/competitive/work/aggregate-100-compressed-warm-chronotail.db 1000000 100000 100 compressed 5 aggregate-100-compressed-warm 7357
/Users/hamzaplojovic/projects/startups/chronotail/bench/competitive/build/competitive aggregate nanots /Users/hamzaplojovic/projects/startups/chronotail/bench/competitive/work/aggregate-10000-raw-warm-nanots.db 1000000 10000 10000 raw 5 aggregate-10000-raw-warm 17257
/Users/hamzaplojovic/projects/startups/chronotail/bench/competitive/build/competitive aggregate sqlite /Users/hamzaplojovic/projects/startups/chronotail/bench/competitive/work/aggregate-10000-raw-warm-sqlite.db 1000000 10000 10000 raw 5 aggregate-10000-raw-warm 17257
/Users/hamzaplojovic/projects/startups/chronotail/bench/competitive/build/competitive aggregate chronotail /Users/hamzaplojovic/projects/startups/chronotail/bench/competitive/work/aggregate-10000-raw-warm-chronotail.db 1000000 10000 10000 raw 5 aggregate-10000-raw-warm 17257
/Users/hamzaplojovic/projects/startups/chronotail/bench/competitive/build/competitive aggregate chronotail /Users/hamzaplojovic/projects/startups/chronotail/bench/competitive/work/aggregate-10000-compressed-warm-chronotail.db 1000000 10000 10000 compressed 5 aggregate-10000-compressed-warm 17257
/Users/hamzaplojovic/projects/startups/chronotail/bench/competitive/build/competitive aggregate nanots /Users/hamzaplojovic/projects/startups/chronotail/bench/competitive/work/aggregate-full-raw-warm-nanots.db 1000000 100 1000000 raw 5 aggregate-full-raw-warm 1007257
/Users/hamzaplojovic/projects/startups/chronotail/bench/competitive/build/competitive aggregate sqlite /Users/hamzaplojovic/projects/startups/chronotail/bench/competitive/work/aggregate-full-raw-warm-sqlite.db 1000000 100 1000000 raw 5 aggregate-full-raw-warm 1007257
/Users/hamzaplojovic/projects/startups/chronotail/bench/competitive/build/competitive aggregate chronotail /Users/hamzaplojovic/projects/startups/chronotail/bench/competitive/work/aggregate-full-raw-warm-chronotail.db 1000000 100 1000000 raw 5 aggregate-full-raw-warm 1007257
/Users/hamzaplojovic/projects/startups/chronotail/bench/competitive/build/competitive aggregate chronotail /Users/hamzaplojovic/projects/startups/chronotail/bench/competitive/work/aggregate-full-compressed-warm-chronotail.db 1000000 100 1000000 compressed 5 aggregate-full-compressed-warm 1007257
/Users/hamzaplojovic/projects/startups/chronotail/bench/competitive/build/competitive concurrent nanots /Users/hamzaplojovic/projects/startups/chronotail/bench/competitive/work/concurrent-2-nanots.db 2 10 5 concurrent-2
/Users/hamzaplojovic/projects/startups/chronotail/bench/competitive/build/competitive concurrent sqlite /Users/hamzaplojovic/projects/startups/chronotail/bench/competitive/work/concurrent-2-sqlite.db 2 10 5 concurrent-2
/Users/hamzaplojovic/projects/startups/chronotail/bench/competitive/build/competitive concurrent chronotail /Users/hamzaplojovic/projects/startups/chronotail/bench/competitive/work/concurrent-2-chronotail.db 2 10 5 concurrent-2
/Users/hamzaplojovic/projects/startups/chronotail/bench/competitive/build/competitive concurrent nanots /Users/hamzaplojovic/projects/startups/chronotail/bench/competitive/work/concurrent-4-nanots.db 4 10 5 concurrent-4
/Users/hamzaplojovic/projects/startups/chronotail/bench/competitive/build/competitive concurrent sqlite /Users/hamzaplojovic/projects/startups/chronotail/bench/competitive/work/concurrent-4-sqlite.db 4 10 5 concurrent-4
/Users/hamzaplojovic/projects/startups/chronotail/bench/competitive/build/competitive concurrent chronotail /Users/hamzaplojovic/projects/startups/chronotail/bench/competitive/work/concurrent-4-chronotail.db 4 10 5 concurrent-4
/Users/hamzaplojovic/projects/startups/chronotail/bench/competitive/build/competitive concurrent nanots /Users/hamzaplojovic/projects/startups/chronotail/bench/competitive/work/concurrent-16-nanots.db 16 10 5 concurrent-16
/Users/hamzaplojovic/projects/startups/chronotail/bench/competitive/build/competitive concurrent sqlite /Users/hamzaplojovic/projects/startups/chronotail/bench/competitive/work/concurrent-16-sqlite.db 16 10 5 concurrent-16
/Users/hamzaplojovic/projects/startups/chronotail/bench/competitive/build/competitive concurrent chronotail /Users/hamzaplojovic/projects/startups/chronotail/bench/competitive/work/concurrent-16-chronotail.db 16 10 5 concurrent-16
/Users/hamzaplojovic/projects/startups/chronotail/bench/competitive/build/competitive append chronotail /Users/hamzaplojovic/projects/startups/chronotail/bench/competitive/work/storage-constant-raw-chronotail.db 10000000 1 0 raw constant 1 5 storage-constant-raw
/Users/hamzaplojovic/projects/startups/chronotail/bench/competitive/build/competitive append chronotail /Users/hamzaplojovic/projects/startups/chronotail/bench/competitive/work/storage-constant-compressed-chronotail.db 10000000 1 0 compressed constant 1 5 storage-constant-compressed
/Users/hamzaplojovic/projects/startups/chronotail/bench/competitive/build/competitive append nanots /Users/hamzaplojovic/projects/startups/chronotail/bench/competitive/work/storage-constant-nanots.db 10000000 1 0 raw constant 1 5 storage-constant
/Users/hamzaplojovic/projects/startups/chronotail/bench/competitive/build/competitive append sqlite /Users/hamzaplojovic/projects/startups/chronotail/bench/competitive/work/storage-constant-sqlite.db 10000000 1 0 raw constant 1 5 storage-constant
/Users/hamzaplojovic/projects/startups/chronotail/bench/competitive/build/competitive append chronotail /Users/hamzaplojovic/projects/startups/chronotail/bench/competitive/work/storage-spiky-raw-chronotail.db 10000000 1 0 raw spiky 1 5 storage-spiky-raw
/Users/hamzaplojovic/projects/startups/chronotail/bench/competitive/build/competitive append chronotail /Users/hamzaplojovic/projects/startups/chronotail/bench/competitive/work/storage-spiky-compressed-chronotail.db 10000000 1 0 compressed spiky 1 5 storage-spiky-compressed
/Users/hamzaplojovic/projects/startups/chronotail/bench/competitive/build/competitive append nanots /Users/hamzaplojovic/projects/startups/chronotail/bench/competitive/work/storage-spiky-nanots.db 10000000 1 0 raw spiky 1 5 storage-spiky
/Users/hamzaplojovic/projects/startups/chronotail/bench/competitive/build/competitive append sqlite /Users/hamzaplojovic/projects/startups/chronotail/bench/competitive/work/storage-spiky-sqlite.db 10000000 1 0 raw spiky 1 5 storage-spiky
